"DAY","TYPE","NEW"
"2024-03-18 00:00:00.000","defi","12542"
"2024-03-08 00:00:00.000","defi","1285"
"2024-08-24 00:00:00.000","defi","165"
"2024-05-12 00:00:00.000","defi","544"
"2024-06-17 00:00:00.000","dex","1035"
"2024-04-17 00:00:00.000","dex","2375"
"2024-03-17 00:00:00.000","bridge","4554"
"2024-02-05 00:00:00.000","bridge","1023"
"2024-01-11 00:00:00.000","bridge","975"
"2024-07-20 00:00:00.000","dapp","456"
"2024-02-16 00:00:00.000","dex","1527"
"2024-03-18 00:00:00.000","nft","3021"
"2024-05-01 00:00:00.000","defi","1473"
"2024-07-17 00:00:00.000","dapp","280"
"2024-08-02 00:00:00.000","dex","656"
"2024-06-28 00:00:00.000","defi","658"
"2024-05-29 00:00:00.000","nft","336"
"2024-05-16 00:00:00.000","nft","684"
"2024-07-03 00:00:00.000","dex","527"
"2024-05-05 00:00:00.000","dapp","493"
"2024-08-19 00:00:00.000","dapp","65"
"2024-06-30 00:00:00.000","nft","275"
"2024-01-20 00:00:00.000","dapp","121"
"2024-06-11 00:00:00.000","bridge","101"
"2024-02-05 00:00:00.000","defi","581"
"2024-09-07 00:00:00.000","bridge","24"
"2024-01-25 00:00:00.000","bridge","914"
"2024-03-30 00:00:00.000","dex","2714"
"2024-01-12 00:00:00.000","bridge","916"
"2024-01-02 00:00:00.000","nft","430"
"2024-07-02 00:00:00.000","nft","102"
"2024-07-05 00:00:00.000","defi","363"
"2024-08-15 00:00:00.000","dapp","126"
"2024-04-11 00:00:00.000","nft","2548"
"2024-03-29 00:00:00.000","defi","2653"
"2024-06-29 00:00:00.000","dex","580"
"2024-03-28 00:00:00.000","defi","2522"
"2024-02-08 00:00:00.000","defi","942"
"2024-05-24 00:00:00.000","nft","1017"
"2024-01-26 00:00:00.000","bridge","1074"
"2024-01-19 00:00:00.000","bridge","994"
"2024-03-27 00:00:00.000","defi","3286"
"2024-06-11 00:00:00.000","dex","715"
"2024-02-07 00:00:00.000","defi","783"
"2024-07-28 00:00:00.000","dex","375"
"2024-08-30 00:00:00.000","defi","328"
"2024-06-26 00:00:00.000","defi","469"
"2024-02-15 00:00:00.000","nft","394"
"2024-01-03 00:00:00.000","nft","402"
"2024-07-12 00:00:00.000","dex","330"
"2024-06-24 00:00:00.000","defi","356"
"2024-05-03 00:00:00.000","nft","100"
"2024-02-08 00:00:00.000","dex","654"
"2024-09-12 00:00:00.000","dex","89"
"2024-08-21 00:00:00.000","nft","119"
"2024-03-08 00:00:00.000","dapp","495"
"2024-03-24 00:00:00.000","nft","32577"
"2024-04-10 00:00:00.000","nft","1369"
"2024-03-26 00:00:00.000","dapp","3051"
"2024-03-05 00:00:00.000","defi","879"
"2024-06-15 00:00:00.000","dex","581"
"2024-04-29 00:00:00.000","dapp","646"
"2024-01-13 00:00:00.000","dex","465"
"2024-07-01 00:00:00.000","bridge","494"
"2024-04-04 00:00:00.000","defi","1548"
"2024-04-16 00:00:00.000","bridge","2181"
"2024-06-01 00:00:00.000","nft","316"
"2024-05-07 00:00:00.000","nft","332"
"2024-06-21 00:00:00.000","dapp","265"
"2024-02-01 00:00:00.000","bridge","725"
"2024-02-25 00:00:00.000","bridge","564"
"2024-08-27 00:00:00.000","dapp","188"
"2024-09-02 00:00:00.000","bridge","81"
"2024-03-16 00:00:00.000","nft","33939"
"2024-04-15 00:00:00.000","dex","1855"
"2024-02-16 00:00:00.000","defi","777"
"2024-06-02 00:00:00.000","dex","912"
"2024-03-18 00:00:00.000","dapp","2999"
"2024-03-28 00:00:00.000","dapp","1758"
"2024-06-27 00:00:00.000","dex","731"
"2024-05-18 00:00:00.000","dex","1484"
"2024-05-05 00:00:00.000","dex","794"
"2024-04-05 00:00:00.000","defi","1442"
"2024-02-18 00:00:00.000","bridge","514"
"2024-05-20 00:00:00.000","nft","924"
"2024-05-08 00:00:00.000","nft","304"
"2024-03-13 00:00:00.000","dapp","1058"
"2024-07-29 00:00:00.000","bridge","141"
"2024-08-06 00:00:00.000","bridge","49"
"2024-06-23 00:00:00.000","defi","376"
"2024-05-22 00:00:00.000","bridge","159"
"2024-07-29 00:00:00.000","defi","301"
"2024-07-08 00:00:00.000","nft","125"
"2024-02-02 00:00:00.000","dex","1919"
"2024-04-15 00:00:00.000","dapp","1659"
"2024-05-30 00:00:00.000","dapp","527"
"2024-01-01 00:00:00.000","defi","251"
"2024-02-28 00:00:00.000","defi","5143"
"2024-06-01 00:00:00.000","dex","1511"
"2024-01-16 00:00:00.000","dapp","235"
"2024-06-25 00:00:00.000","nft","291"
"2024-09-02 00:00:00.000","dex","473"
"2024-08-12 00:00:00.000","dex","155"
"2024-05-23 00:00:00.000","nft","797"
"2024-02-20 00:00:00.000","bridge","405"
"2024-02-26 00:00:00.000","defi","969"
"2024-08-24 00:00:00.000","bridge","73"
"2024-09-11 00:00:00.000","nft","259"
"2024-02-29 00:00:00.000","dapp","953"
"2024-01-31 00:00:00.000","nft","14057"
"2024-05-12 00:00:00.000","dex","826"
"2024-08-10 00:00:00.000","defi","306"
"2024-03-23 00:00:00.000","dex","22269"
"2024-02-09 00:00:00.000","nft","652"
"2024-02-04 00:00:00.000","dapp","1823"
"2024-06-21 00:00:00.000","nft","164"
"2024-01-10 00:00:00.000","dapp","484"
"2024-07-11 00:00:00.000","bridge","141"
"2024-08-01 00:00:00.000","dapp","259"
"2024-08-10 00:00:00.000","nft","50"
"2024-08-05 00:00:00.000","dapp","92"
"2024-03-27 00:00:00.000","nft","2967"
"2024-02-23 00:00:00.000","dex","962"
"2024-06-08 00:00:00.000","dapp","139039"
"2024-04-08 00:00:00.000","defi","2189"
"2024-02-24 00:00:00.000","defi","638"
"2024-02-01 00:00:00.000","dex","1416"
"2024-07-03 00:00:00.000","defi","304"
"2024-08-15 00:00:00.000","nft","25"
"2024-01-19 00:00:00.000","defi","456"
"2024-07-06 00:00:00.000","dex","794"
"2024-06-13 00:00:00.000","dapp","336"
"2024-02-05 00:00:00.000","dapp","34971"
"2024-05-13 00:00:00.000","dex","785"
"2024-04-12 00:00:00.000","dapp","1840"
"2024-04-04 00:00:00.000","bridge","2526"
"2024-07-09 00:00:00.000","dex","232"
"2024-06-25 00:00:00.000","defi","595"
"2024-09-09 00:00:00.000","nft","273"
"2024-06-02 00:00:00.000","nft","165"
"2024-07-21 00:00:00.000","nft","80"
"2024-01-12 00:00:00.000","defi","583"
"2024-07-23 00:00:00.000","defi","701"
"2024-05-12 00:00:00.000","dapp","296"
"2024-06-20 00:00:00.000","bridge","139"
"2024-06-10 00:00:00.000","dex","988"
"2024-04-26 00:00:00.000","dex","1688"
"2024-02-17 00:00:00.000","dex","2449"
"2024-01-29 00:00:00.000","nft","9456"
"2024-01-30 00:00:00.000","dex","830"
"2024-04-03 00:00:00.000","nft","765"
"2024-02-06 00:00:00.000","dex","922"
"2024-06-30 00:00:00.000","defi","521"
"2024-07-20 00:00:00.000","defi","654"
"2024-08-08 00:00:00.000","dapp","193"
"2024-03-30 00:00:00.000","defi","2110"
"2024-03-29 00:00:00.000","bridge","5016"
"2024-02-20 00:00:00.000","defi","844"
"2024-06-28 00:00:00.000","dex","749"
"2024-07-23 00:00:00.000","bridge","263"
"2024-07-13 00:00:00.000","nft","50"
"2024-07-12 00:00:00.000","dapp","248"
"2024-07-03 00:00:00.000","bridge","119"
"2024-07-29 00:00:00.000","dapp","320"
"2024-07-08 00:00:00.000","dex","504"
"2024-07-31 00:00:00.000","dapp","339"
"2024-08-26 00:00:00.000","nft","74"
"2024-02-19 00:00:00.000","dex","1534"
"2024-04-03 00:00:00.000","defi","1812"
"2024-02-27 00:00:00.000","defi","1299"
"2024-08-15 00:00:00.000","dex","296"
"2024-08-07 00:00:00.000","dex","254"
"2024-03-08 00:00:00.000","nft","908"
"2024-06-11 00:00:00.000","dapp","635"
"2024-03-10 00:00:00.000","bridge","2580"
"2024-06-04 00:00:00.000","nft","1794"
"2024-05-25 00:00:00.000","defi","611"
"2024-05-17 00:00:00.000","defi","1937"
"2024-01-26 00:00:00.000","defi","722"
"2024-03-01 00:00:00.000","defi","1002"
"2024-05-02 00:00:00.000","defi","541"
"2024-05-11 00:00:00.000","nft","285"
"2024-03-27 00:00:00.000","dapp","2765"
"2024-02-23 00:00:00.000","nft","339"
"2024-06-05 00:00:00.000","bridge","121"
"2024-09-08 00:00:00.000","nft","84"
"2024-04-27 00:00:00.000","nft","525"
"2024-01-08 00:00:00.000","dapp","138"
"2024-08-27 00:00:00.000","bridge","57"
"2024-02-15 00:00:00.000","dex","1357"
"2024-06-09 00:00:00.000","dex","751"
"2024-05-11 00:00:00.000","defi","1102"
"2024-07-19 00:00:00.000","dapp","584"
"2024-07-26 00:00:00.000","nft","105"
"2024-02-06 00:00:00.000","defi","697"
"2024-03-29 00:00:00.000","nft","1663"
"2024-01-16 00:00:00.000","bridge","957"
"2024-05-19 00:00:00.000","nft","393"
"2024-06-27 00:00:00.000","dapp","342"
"2024-07-14 00:00:00.000","nft","54"
"2024-06-06 00:00:00.000","nft","286"
"2024-05-14 00:00:00.000","bridge","220"
"2024-08-25 00:00:00.000","dex","187"
"2024-07-03 00:00:00.000","nft","138"
"2024-03-04 00:00:00.000","dapp","1250"
"2024-05-17 00:00:00.000","bridge","255"
"2024-06-17 00:00:00.000","bridge","107"
"2024-07-16 00:00:00.000","dex","7150"
"2024-02-14 00:00:00.000","defi","3013"
"2024-01-21 00:00:00.000","defi","1609"
"2024-03-14 00:00:00.000","nft","7537"
"2024-05-26 00:00:00.000","defi","699"
"2024-02-01 00:00:00.000","dapp","3401"
"2024-07-27 00:00:00.000","dex","323"
"2024-03-28 00:00:00.000","bridge","4961"
"2024-04-28 00:00:00.000","nft","573"
"2024-02-14 00:00:00.000","dapp","1959"
"2024-01-15 00:00:00.000","dapp","259"
"2024-08-06 00:00:00.000","dex","342"
"2024-08-24 00:00:00.000","dapp","174"
"2024-08-24 00:00:00.000","dex","123"
"2024-05-14 00:00:00.000","nft","493"
"2024-07-24 00:00:00.000","bridge","168"
"2024-09-06 00:00:00.000","bridge","40"
"2024-09-07 00:00:00.000","defi","142"
"2024-04-25 00:00:00.000","dex","2804"
"2024-06-24 00:00:00.000","dex","1516"
"2024-03-10 00:00:00.000","dex","10498"
"2024-07-22 00:00:00.000","dex","1271"
"2024-02-13 00:00:00.000","nft","710"
"2024-05-24 00:00:00.000","dex","2350"
"2024-07-25 00:00:00.000","defi","669"
"2024-04-25 00:00:00.000","bridge","2868"
"2024-03-10 00:00:00.000","nft","2789"
"2024-09-03 00:00:00.000","defi","335"
"2024-03-04 00:00:00.000","nft","1109"
"2024-08-17 00:00:00.000","nft","37"
"2024-01-22 00:00:00.000","dex","933"
"2024-03-06 00:00:00.000","nft","556"
"2024-01-02 00:00:00.000","dex","602"
"2024-02-04 00:00:00.000","bridge","934"
"2024-06-29 00:00:00.000","dapp","345"
"2024-09-11 00:00:00.000","dapp","96"
"2024-06-23 00:00:00.000","bridge","169"
"2024-09-05 00:00:00.000","nft","192"
"2024-04-11 00:00:00.000","dapp","1452"
"2024-06-16 00:00:00.000","nft","262"
"2024-08-03 00:00:00.000","dex","344"
"2024-01-24 00:00:00.000","dex","41873"
"2024-07-03 00:00:00.000","dapp","198"
"2024-08-11 00:00:00.000","bridge","40"
"2024-05-10 00:00:00.000","nft","522"
"2024-03-31 00:00:00.000","nft","636"
"2024-04-05 00:00:00.000","dapp","1384"
"2024-08-13 00:00:00.000","defi","845"
"2024-02-22 00:00:00.000","nft","1603"
"2024-05-24 00:00:00.000","dapp","484"
"2024-07-10 00:00:00.000","dex","353"
"2024-06-05 00:00:00.000","defi","638"
"2024-09-02 00:00:00.000","nft","732"
"2024-03-05 00:00:00.000","bridge","409"
"2024-09-06 00:00:00.000","dapp","355"
"2024-01-27 00:00:00.000","dapp","469"
"2024-08-21 00:00:00.000","dapp","100"
"2024-06-07 00:00:00.000","nft","627"
"2024-08-14 00:00:00.000","nft","30"
"2024-02-28 00:00:00.000","dex","1737"
"2024-02-06 00:00:00.000","dapp","45951"
"2024-03-13 00:00:00.000","bridge","4784"
"2024-02-22 00:00:00.000","dapp","898"
"2024-03-19 00:00:00.000","nft","4927"
"2024-02-08 00:00:00.000","dapp","14613"
"2024-03-14 00:00:00.000","defi","25293"
"2024-06-06 00:00:00.000","dex","1016"
"2024-01-25 00:00:00.000","nft","6869"
"2024-02-28 00:00:00.000","nft","872"
"2024-06-14 00:00:00.000","defi","402"
"2024-04-07 00:00:00.000","nft","1175"
"2024-05-31 00:00:00.000","dapp","377"
"2024-05-16 00:00:00.000","dex","1877"
"2024-01-26 00:00:00.000","nft","7383"
"2024-04-24 00:00:00.000","dapp","984"
"2024-04-29 00:00:00.000","nft","369"
"2024-04-28 00:00:00.000","dapp","603"
"2024-02-28 00:00:00.000","bridge","515"
"2024-06-10 00:00:00.000","nft","166"
"2024-04-20 00:00:00.000","bridge","1869"
"2024-03-08 00:00:00.000","bridge","1607"
"2024-07-18 00:00:00.000","bridge","157"
"2024-08-03 00:00:00.000","bridge","167"
"2024-01-15 00:00:00.000","defi","517"
"2024-04-19 00:00:00.000","dex","1273"
"2024-07-04 00:00:00.000","dex","727"
"2024-02-26 00:00:00.000","bridge","526"
"2024-04-06 00:00:00.000","dex","2372"
"2024-01-22 00:00:00.000","defi","1356"
"2024-03-30 00:00:00.000","dapp","3998"
"2024-05-03 00:00:00.000","defi","415"
"2024-04-16 00:00:00.000","dapp","1459"
"2024-01-24 00:00:00.000","dapp","176"
"2024-05-05 00:00:00.000","nft","162"
"2024-03-14 00:00:00.000","dapp","1409"
"2024-05-25 00:00:00.000","bridge","128"
"2024-06-19 00:00:00.000","defi","899"
"2024-05-20 00:00:00.000","dex","2464"
"2024-05-02 00:00:00.000","dex","641"
"2024-08-09 00:00:00.000","bridge","33"
"2024-08-18 00:00:00.000","nft","34"
"2024-08-22 00:00:00.000","nft","132"
"2024-07-28 00:00:00.000","nft","85"
"2024-08-30 00:00:00.000","bridge","46"
"2024-02-05 00:00:00.000","nft","40749"
"2024-01-14 00:00:00.000","bridge","1062"
"2024-01-18 00:00:00.000","nft","146"
"2024-04-27 00:00:00.000","bridge","3897"
"2024-03-12 00:00:00.000","defi","3982"
"2024-03-13 00:00:00.000","nft","2606"
"2024-03-25 00:00:00.000","dapp","4094"
"2024-04-08 00:00:00.000","dex","2234"
"2024-04-17 00:00:00.000","defi","1620"
"2024-05-25 00:00:00.000","nft","337"
"2024-03-23 00:00:00.000","nft","3224"
"2024-03-01 00:00:00.000","dapp","652"
"2024-06-09 00:00:00.000","dapp","661"
"2024-07-24 00:00:00.000","dapp","439"
"2024-01-14 00:00:00.000","nft","290"
"2024-04-01 00:00:00.000","nft","859"
"2024-08-22 00:00:00.000","dex","190"
"2024-02-22 00:00:00.000","bridge","612"
"2024-05-21 00:00:00.000","bridge","324"
"2024-05-28 00:00:00.000","nft","187"
"2024-07-18 00:00:00.000","dapp","378"
"2024-05-15 00:00:00.000","bridge","229"
"2024-09-12 00:00:00.000","dapp","22"
"2024-07-12 00:00:00.000","bridge","111"
"2024-03-03 00:00:00.000","defi","999"
"2024-02-21 00:00:00.000","dapp","884"
"2024-02-11 00:00:00.000","dex","1798"
"2024-02-08 00:00:00.000","bridge","502"
"2024-02-27 00:00:00.000","dapp","423"
"2024-03-06 00:00:00.000","dex","1586"
"2024-04-28 00:00:00.000","bridge","3766"
"2024-06-08 00:00:00.000","dex","900"
"2024-07-05 00:00:00.000","nft","144"
"2024-04-14 00:00:00.000","dapp","3406"
"2024-09-09 00:00:00.000","dex","371"
"2024-04-27 00:00:00.000","dapp","1024"
"2024-08-06 00:00:00.000","nft","111"
"2024-08-28 00:00:00.000","bridge","34"
"2024-07-27 00:00:00.000","nft","91"
"2024-07-17 00:00:00.000","defi","729"
"2024-07-06 00:00:00.000","defi","208"
"2024-03-24 00:00:00.000","defi","36699"
"2024-04-28 00:00:00.000","dex","2679"
"2024-03-23 00:00:00.000","defi","44450"
"2024-03-26 00:00:00.000","dex","11734"
"2024-03-05 00:00:00.000","dex","2320"
"2024-04-24 00:00:00.000","bridge","2600"
"2024-05-06 00:00:00.000","dex","1829"
"2024-01-09 00:00:00.000","defi","578"
"2024-04-03 00:00:00.000","dapp","2237"
"2024-07-01 00:00:00.000","dex","620"
"2024-06-25 00:00:00.000","dex","1160"
"2024-05-05 00:00:00.000","bridge","385"
"2024-04-30 00:00:00.000","defi","1750"
"2024-05-15 00:00:00.000","dex","1166"
"2024-09-07 00:00:00.000","dapp","226"
"2024-04-22 00:00:00.000","dapp","1096"
"2024-06-30 00:00:00.000","dapp","224"
"2024-01-05 00:00:00.000","nft","847"
"2024-07-15 00:00:00.000","dapp","221"
"2024-02-19 00:00:00.000","nft","392"
"2024-04-21 00:00:00.000","nft","788"
"2024-06-19 00:00:00.000","bridge","132"
"2024-07-20 00:00:00.000","bridge","142"
"2024-07-05 00:00:00.000","bridge","133"
"2024-02-18 00:00:00.000","dapp","1127"
"2024-03-01 00:00:00.000","nft","798"
"2024-07-11 00:00:00.000","dex","317"
"2024-08-31 00:00:00.000","defi","402"
"2024-01-09 00:00:00.000","nft","167"
"2024-01-03 00:00:00.000","defi","373"
"2024-05-27 00:00:00.000","game","1"
"2024-08-18 00:00:00.000","dapp","54"
"2024-08-06 00:00:00.000","defi","362"
"2024-02-21 00:00:00.000","dex","983"
"2024-03-25 00:00:00.000","defi","40927"
"2024-04-15 00:00:00.000","defi","2393"
"2024-05-18 00:00:00.000","nft","620"
"2024-03-25 00:00:00.000","dex","36388"
"2024-04-11 00:00:00.000","defi","3070"
"2024-01-01 00:00:00.000","bridge","635"
"2024-06-23 00:00:00.000","nft","98"
"2024-01-08 00:00:00.000","defi","408"
"2024-06-24 00:00:00.000","bridge","650"
"2024-08-19 00:00:00.000","dex","135"
"2024-05-02 00:00:00.000","nft","126"
"2024-01-07 00:00:00.000","dapp","136"
"2024-07-18 00:00:00.000","nft","117"
"2024-02-28 00:00:00.000","dapp","481"
"2024-07-10 00:00:00.000","defi","266"
"2024-08-08 00:00:00.000","bridge","51"
"2024-06-13 00:00:00.000","nft","299"
"2024-03-27 00:00:00.000","dex","4297"
"2024-01-06 00:00:00.000","defi","404"
"2024-04-24 00:00:00.000","defi","1321"
"2024-03-14 00:00:00.000","bridge","5596"
"2024-04-20 00:00:00.000","nft","495"
"2024-07-25 00:00:00.000","dex","597"
"2024-04-07 00:00:00.000","dex","2217"
"2024-08-20 00:00:00.000","defi","240"
"2024-04-25 00:00:00.000","nft","551"
"2024-01-23 00:00:00.000","nft","461"
"2024-07-17 00:00:00.000","nft","81"
"2024-08-27 00:00:00.000","dex","301"
"2024-07-15 00:00:00.000","bridge","553"
"2024-09-03 00:00:00.000","nft","501"
"2024-01-02 00:00:00.000","bridge","727"
"2024-04-26 00:00:00.000","nft","474"
"2024-05-02 00:00:00.000","dapp","458"
"2024-05-08 00:00:00.000","bridge","277"
"2024-05-24 00:00:00.000","game","2082"
"2024-07-20 00:00:00.000","dex","1119"
"2024-08-15 00:00:00.000","defi","139"
"2024-04-15 00:00:00.000","bridge","2236"
"2024-03-26 00:00:00.000","bridge","4366"
"2024-04-15 00:00:00.000","nft","648"
"2024-03-14 00:00:00.000","dex","6057"
"2024-03-29 00:00:00.000","dapp","2996"
"2024-05-02 00:00:00.000","bridge","851"
"2024-04-09 00:00:00.000","dapp","1626"
"2024-05-01 00:00:00.000","dex","1042"
"2024-09-06 00:00:00.000","dex","456"
"2024-08-03 00:00:00.000","dapp","1839"
"2024-06-07 00:00:00.000","bridge","108"
"2024-08-14 00:00:00.000","dex","270"
"2024-07-01 00:00:00.000","nft","115"
"2024-08-04 00:00:00.000","dapp","194"
"2024-01-10 00:00:00.000","defi","766"
"2024-05-08 00:00:00.000","defi","1348"
"2024-06-28 00:00:00.000","bridge","114"
"2024-07-04 00:00:00.000","dapp","212"
"2024-08-16 00:00:00.000","bridge","30"
"2024-08-11 00:00:00.000","dapp","77"
"2024-08-09 00:00:00.000","dex","159"
"2024-08-11 00:00:00.000","nft","21"
"2024-01-19 00:00:00.000","dex","730"
"2024-06-07 00:00:00.000","dex","1496"
"2024-03-06 00:00:00.000","defi","2096"
"2024-05-29 00:00:00.000","dex","4041"
"2024-02-01 00:00:00.000","nft","27333"
"2024-03-06 00:00:00.000","bridge","628"
"2024-02-27 00:00:00.000","dex","1365"
"2024-01-21 00:00:00.000","bridge","1157"
"2024-06-21 00:00:00.000","defi","661"
"2024-03-01 00:00:00.000","dex","829"
"2024-03-11 00:00:00.000","nft","1609"
"2024-07-18 00:00:00.000","defi","652"
"2024-02-10 00:00:00.000","nft","495"
"2024-05-12 00:00:00.000","nft","310"
"2024-01-04 00:00:00.000","bridge","1022"
"2024-07-05 00:00:00.000","dapp","157"
"2024-05-24 00:00:00.000","bridge","218"
"2024-08-26 00:00:00.000","dapp","80"
"2024-05-07 00:00:00.000","dex","2299"
"2024-04-23 00:00:00.000","defi","2111"
"2024-02-06 00:00:00.000","nft","16976"
"2024-01-24 00:00:00.000","nft","409"
"2024-03-21 00:00:00.000","bridge","6487"
"2024-01-04 00:00:00.000","nft","266"
"2024-03-07 00:00:00.000","bridge","1267"
"2024-06-13 00:00:00.000","dex","1749"
"2024-03-31 00:00:00.000","dapp","3490"
"2024-02-08 00:00:00.000","nft","1599"
"2024-05-13 00:00:00.000","defi","559"
"2024-01-10 00:00:00.000","bridge","1074"
"2024-08-18 00:00:00.000","defi","81"
"2024-09-09 00:00:00.000","defi","242"
"2024-06-21 00:00:00.000","dex","1569"
"2024-02-12 00:00:00.000","bridge","607"
"2024-07-10 00:00:00.000","nft","109"
"2024-05-17 00:00:00.000","nft","1192"
"2024-03-17 00:00:00.000","defi","8007"
"2024-04-12 00:00:00.000","defi","2599"
"2024-04-14 00:00:00.000","defi","1768"
"2024-04-09 00:00:00.000","dex","2026"
"2024-07-22 00:00:00.000","defi","773"
"2024-07-30 00:00:00.000","dex","327"
"2024-04-13 00:00:00.000","defi","1825"
"2024-05-27 00:00:00.000","bridge","197"
"2024-02-12 00:00:00.000","nft","387"
"2024-06-01 00:00:00.000","defi","457"
"2024-06-12 00:00:00.000","dapp","685"
"2024-06-16 00:00:00.000","defi","567"
"2024-05-15 00:00:00.000","dapp","322"
"2024-06-14 00:00:00.000","dex","524"
"2024-05-15 00:00:00.000","defi","737"
"2024-02-16 00:00:00.000","dapp","570"
"2024-08-05 00:00:00.000","dex","278"
"2024-08-21 00:00:00.000","dex","151"
"2024-03-02 00:00:00.000","nft","601"
"2024-07-19 00:00:00.000","nft","124"
"2024-06-17 00:00:00.000","defi","762"
"2024-05-19 00:00:00.000","dapp","182"
"2024-04-16 00:00:00.000","defi","2995"
"2024-01-23 00:00:00.000","dex","58934"
"2024-09-05 00:00:00.000","defi","359"
"2024-05-28 00:00:00.000","dex","1688"
"2024-03-23 00:00:00.000","dapp","3399"
"2024-05-20 00:00:00.000","defi","505"
"2024-06-04 00:00:00.000","dapp","488"
"2024-07-20 00:00:00.000","nft","170"
"2024-03-07 00:00:00.000","nft","823"
"2024-07-22 00:00:00.000","bridge","281"
"2024-05-14 00:00:00.000","dapp","518"
"2024-02-20 00:00:00.000","nft","721"
"2024-07-09 00:00:00.000","bridge","105"
"2024-09-05 00:00:00.000","dapp","146"
"2024-08-01 00:00:00.000","nft","37"
"2024-05-09 00:00:00.000","bridge","258"
"2024-06-25 00:00:00.000","bridge","190"
"2024-04-30 00:00:00.000","dapp","520"
"2024-07-27 00:00:00.000","bridge","121"
"2024-09-08 00:00:00.000","dapp","93"
"2024-05-04 00:00:00.000","nft","160"
"2024-05-26 00:00:00.000","bridge","169"
"2024-07-14 00:00:00.000","dapp","106"
"2024-05-25 00:00:00.000","game","9794"
"2024-05-06 00:00:00.000","nft","449"
"2024-01-27 00:00:00.000","nft","7301"
"2024-04-06 00:00:00.000","bridge","2529"
"2024-01-25 00:00:00.000","dex","10751"
"2024-04-23 00:00:00.000","dapp","894"
"2024-06-05 00:00:00.000","dex","884"
"2024-03-20 00:00:00.000","nft","4200"
"2024-04-01 00:00:00.000","dex","1937"
"2024-04-06 00:00:00.000","nft","1488"
"2024-01-17 00:00:00.000","dex","479"
"2024-02-20 00:00:00.000","dex","1180"
"2024-01-28 00:00:00.000","nft","8687"
"2024-02-13 00:00:00.000","defi","2138"
"2024-03-03 00:00:00.000","bridge","429"
"2024-08-12 00:00:00.000","defi","178"
"2024-09-02 00:00:00.000","dapp","201"
"2024-01-12 00:00:00.000","nft","273"
"2024-08-30 00:00:00.000","nft","175"
"2024-07-25 00:00:00.000","dapp","333"
"2024-07-23 00:00:00.000","dapp","417"
"2024-09-10 00:00:00.000","nft","151"
"2024-08-08 00:00:00.000","dex","278"
"2024-05-12 00:00:00.000","bridge","249"
"2024-09-04 00:00:00.000","bridge","58"
"2024-03-08 00:00:00.000","dex","4528"
"2024-01-16 00:00:00.000","dex","477"
"2024-08-28 00:00:00.000","dapp","116"
"2024-05-23 00:00:00.000","bridge","135"
"2024-09-04 00:00:00.000","dapp","176"
"2024-08-16 00:00:00.000","dapp","59"
"2024-05-21 00:00:00.000","defi","1505"
"2024-03-04 00:00:00.000","bridge","390"
"2024-04-01 00:00:00.000","bridge","3618"
"2024-07-16 00:00:00.000","nft","484"
"2024-02-23 00:00:00.000","dapp","328"
"2024-02-02 00:00:00.000","defi","817"
"2024-01-02 00:00:00.000","dapp","188"
"2024-06-17 00:00:00.000","dapp","194"
"2024-07-11 00:00:00.000","nft","90"
"2024-05-10 00:00:00.000","bridge","258"
"2024-06-24 00:00:00.000","dapp","231"
"2024-06-29 00:00:00.000","bridge","144"
"2024-09-07 00:00:00.000","nft","136"
"2024-03-26 00:00:00.000","nft","4561"
"2024-01-05 00:00:00.000","dex","584"
"2024-01-24 00:00:00.000","defi","640"
"2024-03-10 00:00:00.000","dapp","764"
"2024-04-12 00:00:00.000","nft","1298"
"2024-03-05 00:00:00.000","nft","1166"
"2024-08-05 00:00:00.000","defi","403"
"2024-02-11 00:00:00.000","dapp","3966"
"2024-07-14 00:00:00.000","dex","203"
"2024-07-25 00:00:00.000","nft","154"
"2024-04-04 00:00:00.000","dapp","1377"
"2024-07-09 00:00:00.000","dapp","133"
"2024-06-16 00:00:00.000","bridge","104"
"2024-05-27 00:00:00.000","dex","1386"
"2024-01-18 00:00:00.000","dex","519"
"2024-08-13 00:00:00.000","bridge","45"
"2024-07-17 00:00:00.000","bridge","85"
"2024-03-22 00:00:00.000","defi","47534"
"2024-05-30 00:00:00.000","dex","2933"
"2024-02-04 00:00:00.000","dex","1661"
"2024-05-24 00:00:00.000","defi","935"
"2024-03-31 00:00:00.000","defi","1943"
"2024-04-06 00:00:00.000","dapp","942"
"2024-01-19 00:00:00.000","nft","164"
"2024-06-27 00:00:00.000","bridge","261"
"2024-01-29 00:00:00.000","bridge","928"
"2024-06-03 00:00:00.000","nft","274"
"2024-05-25 00:00:00.000","dapp","634"
"2024-06-16 00:00:00.000","dapp","201"
"2024-06-22 00:00:00.000","nft","316"
"2024-07-13 00:00:00.000","defi","196"
"2024-01-17 00:00:00.000","dapp","138"
"2024-03-21 00:00:00.000","defi","21715"
"2024-04-03 00:00:00.000","bridge","2718"
"2024-04-28 00:00:00.000","defi","2244"
"2024-02-07 00:00:00.000","dex","780"
"2024-06-10 00:00:00.000","defi","1068"
"2024-06-12 00:00:00.000","dex","816"
"2024-01-07 00:00:00.000","defi","454"
"2024-07-07 00:00:00.000","defi","386"
"2024-08-03 00:00:00.000","defi","254"
"2024-06-14 00:00:00.000","nft","290"
"2024-05-30 00:00:00.000","nft","337"
"2024-07-31 00:00:00.000","bridge","77"
"2024-08-05 00:00:00.000","bridge","93"
"2024-05-06 00:00:00.000","dapp","503"
"2024-05-22 00:00:00.000","dapp","349"
"2024-01-25 00:00:00.000","dapp","473"
"2024-08-30 00:00:00.000","dex","232"
"2024-08-07 00:00:00.000","bridge","41"
"2024-05-23 00:00:00.000","game","50032"
"2024-02-03 00:00:00.000","dex","1155"
"2024-03-25 00:00:00.000","nft","3691"
"2024-03-04 00:00:00.000","defi","1016"
"2024-05-17 00:00:00.000","dex","1850"
"2024-02-10 00:00:00.000","defi","926"
"2024-04-22 00:00:00.000","dex","1846"
"2024-01-07 00:00:00.000","bridge","1142"
"2024-02-17 00:00:00.000","bridge","480"
"2024-01-28 00:00:00.000","dex","857"
"2024-04-29 00:00:00.000","bridge","3233"
"2024-03-12 00:00:00.000","nft","1541"
"2024-07-27 00:00:00.000","dapp","246"
"2024-01-18 00:00:00.000","dapp","228"
"2024-09-09 00:00:00.000","dapp","110"
"2024-05-07 00:00:00.000","bridge","312"
"2024-07-19 00:00:00.000","bridge","121"
"2024-08-17 00:00:00.000","defi","98"
"2024-09-12 00:00:00.000","bridge","3"
"2024-04-24 00:00:00.000","dex","2249"
"2024-03-13 00:00:00.000","defi","26850"
"2024-07-31 00:00:00.000","nft","75"
"2024-04-21 00:00:00.000","defi","1620"
"2024-02-03 00:00:00.000","nft","28241"
"2024-04-10 00:00:00.000","dex","1816"
"2024-02-13 00:00:00.000","dex","2274"
"2024-05-10 00:00:00.000","dex","1356"
"2024-04-20 00:00:00.000","dex","1496"
"2024-01-29 00:00:00.000","dapp","1577"
"2024-05-26 00:00:00.000","dapp","399"
"2024-03-12 00:00:00.000","dex","3910"
"2024-02-21 00:00:00.000","defi","1077"
"2024-05-30 00:00:00.000","defi","936"
"2024-01-01 00:00:00.000","dex","548"
"2024-03-15 00:00:00.000","bridge","5636"
"2024-06-12 00:00:00.000","bridge","247"
"2024-02-24 00:00:00.000","nft","420"
"2024-02-01 00:00:00.000","defi","751"
"2024-04-10 00:00:00.000","dapp","1007"
"2024-02-16 00:00:00.000","bridge","498"
"2024-08-23 00:00:00.000","dex","122"
"2024-07-04 00:00:00.000","defi","402"
"2024-03-20 00:00:00.000","defi","12631"
"2024-03-16 00:00:00.000","dex","9436"
"2024-02-09 00:00:00.000","dapp","7255"
"2024-01-31 00:00:00.000","dex","1211"
"2024-05-21 00:00:00.000","dex","3877"
"2024-01-27 00:00:00.000","defi","982"
"2024-04-09 00:00:00.000","defi","2119"
"2024-03-28 00:00:00.000","nft","2350"
"2024-02-14 00:00:00.000","nft","366"
"2024-01-07 00:00:00.000","nft","216"
"2024-07-24 00:00:00.000","defi","633"
"2024-02-15 00:00:00.000","dapp","1260"
"2024-05-08 00:00:00.000","dapp","521"
"2024-07-11 00:00:00.000","defi","398"
"2024-07-29 00:00:00.000","nft","124"
"2024-07-24 00:00:00.000","nft","88"
"2024-04-07 00:00:00.000","bridge","2747"
"2024-06-29 00:00:00.000","defi","661"
"2024-09-12 00:00:00.000","nft","26"
"2024-07-01 00:00:00.000","defi","301"
"2024-03-11 00:00:00.000","dex","8133"
"2024-02-02 00:00:00.000","nft","37559"
"2024-08-26 00:00:00.000","dex","207"
"2024-05-07 00:00:00.000","defi","1560"
"2024-03-15 00:00:00.000","nft","2430"
"2024-04-10 00:00:00.000","bridge","3462"
"2024-08-04 00:00:00.000","defi","188"
"2024-01-25 00:00:00.000","defi","680"
"2024-06-22 00:00:00.000","defi","405"
"2024-06-15 00:00:00.000","defi","493"
"2024-02-19 00:00:00.000","bridge","468"
"2024-01-09 00:00:00.000","dapp","119"
"2024-07-21 00:00:00.000","dapp","513"
"2024-08-26 00:00:00.000","defi","148"
"2024-04-02 00:00:00.000","defi","1764"
"2024-05-05 00:00:00.000","defi","537"
"2024-04-18 00:00:00.000","nft","497"
"2024-02-24 00:00:00.000","bridge","647"
"2024-06-30 00:00:00.000","bridge","229"
"2024-06-15 00:00:00.000","bridge","149"
"2024-05-29 00:00:00.000","defi","1178"
"2024-01-30 00:00:00.000","nft","12300"
"2024-03-11 00:00:00.000","bridge","3079"
"2024-01-29 00:00:00.000","defi","555"
"2024-05-31 00:00:00.000","dex","2257"
"2024-04-21 00:00:00.000","dex","1729"
"2024-09-03 00:00:00.000","dapp","138"
"2024-05-13 00:00:00.000","nft","469"
"2024-09-01 00:00:00.000","nft","1111"
"2024-07-11 00:00:00.000","dapp","141"
"2024-05-19 00:00:00.000","defi","331"
"2024-01-04 00:00:00.000","dapp","232"
"2024-08-18 00:00:00.000","dex","112"
"2024-08-14 00:00:00.000","bridge","41"
"2024-08-09 00:00:00.000","dapp","100"
"2024-07-22 00:00:00.000","nft","97"
"2024-04-22 00:00:00.000","defi","1678"
"2024-03-09 00:00:00.000","dex","7101"
"2024-02-10 00:00:00.000","dapp","6090"
"2024-08-13 00:00:00.000","dex","911"
"2024-02-10 00:00:00.000","dex","1101"
"2024-01-15 00:00:00.000","bridge","992"
"2024-03-03 00:00:00.000","dapp","1036"
"2024-02-25 00:00:00.000","dapp","297"
"2024-04-19 00:00:00.000","bridge","1889"
"2024-03-29 00:00:00.000","dex","3188"
"2024-04-08 00:00:00.000","dapp","1401"
"2024-07-22 00:00:00.000","dapp","548"
"2024-02-09 00:00:00.000","defi","710"
"2024-05-03 00:00:00.000","bridge","470"
"2024-08-17 00:00:00.000","bridge","47"
"2024-05-31 00:00:00.000","nft","396"
"2024-04-26 00:00:00.000","defi","1620"
"2024-01-23 00:00:00.000","defi","899"
"2024-03-19 00:00:00.000","bridge","4616"
"2024-06-19 00:00:00.000","dapp","279"
"2024-01-13 00:00:00.000","nft","211"
"2024-06-06 00:00:00.000","bridge","127"
"2024-02-27 00:00:00.000","bridge","431"
"2024-04-27 00:00:00.000","defi","1528"
"2024-04-11 00:00:00.000","bridge","4332"
"2024-08-14 00:00:00.000","dapp","87"
"2024-02-07 00:00:00.000","nft","9229"
"2024-03-30 00:00:00.000","nft","1201"
"2024-01-05 00:00:00.000","bridge","1055"
"2024-04-25 00:00:00.000","defi","2607"
"2024-02-04 00:00:00.000","defi","580"
"2024-03-17 00:00:00.000","nft","3348"
"2024-07-30 00:00:00.000","bridge","112"
"2024-07-06 00:00:00.000","bridge","538"
"2024-07-13 00:00:00.000","dapp","204"
"2024-09-03 00:00:00.000","dex","453"
"2024-05-18 00:00:00.000","bridge","179"
"2024-02-24 00:00:00.000","dapp","330"
"2024-08-10 00:00:00.000","dapp","78"
"2024-07-30 00:00:00.000","nft","121"
"2024-03-02 00:00:00.000","dex","1119"
"2024-04-04 00:00:00.000","dex","1866"
"2024-06-29 00:00:00.000","nft","677"
"2024-06-27 00:00:00.000","nft","96"
"2024-06-08 00:00:00.000","defi","1111605"
"2024-01-21 00:00:00.000","dapp","307"
"2024-02-05 00:00:00.000","dex","1051"
"2024-05-22 00:00:00.000","dex","3223"
"2024-04-22 00:00:00.000","bridge","2377"
"2024-05-04 00:00:00.000","defi","577"
"2024-05-09 00:00:00.000","nft","705"
"2024-07-15 00:00:00.000","dex","6024"
"2024-07-07 00:00:00.000","nft","96"
"2024-07-12 00:00:00.000","nft","107"
"2024-05-19 00:00:00.000","dex","1016"
"2024-08-10 00:00:00.000","dex","739"
"2024-01-16 00:00:00.000","defi","370"
"2024-09-06 00:00:00.000","defi","289"
"2024-06-16 00:00:00.000","dex","863"
"2024-05-31 00:00:00.000","defi","2257"
"2024-02-18 00:00:00.000","nft","744"
"2024-01-22 00:00:00.000","dapp","363"
"2024-06-06 00:00:00.000","dapp","667"
"2024-02-12 00:00:00.000","defi","2603"
"2024-08-31 00:00:00.000","dex","279"
"2024-05-18 00:00:00.000","defi","412"
"2024-09-04 00:00:00.000","dex","581"
"2024-03-01 00:00:00.000","bridge","326"
"2024-07-28 00:00:00.000","bridge","98"
"2024-07-26 00:00:00.000","dapp","499"
"2024-05-18 00:00:00.000","dapp","215"
"2024-06-19 00:00:00.000","dex","769"
"2024-08-22 00:00:00.000","dapp","120"
"2024-08-23 00:00:00.000","nft","181"
"2024-09-10 00:00:00.000","dapp","124"
"2024-07-08 00:00:00.000","bridge","90"
"2024-01-13 00:00:00.000","defi","330"
"2024-07-30 00:00:00.000","dapp","334"
"2024-04-18 00:00:00.000","bridge","2188"
"2024-08-25 00:00:00.000","bridge","32"
"2024-06-03 00:00:00.000","bridge","135"
"2024-03-24 00:00:00.000","dex","54923"
"2024-04-30 00:00:00.000","dex","1847"
"2024-04-16 00:00:00.000","dex","2132"
"2024-03-13 00:00:00.000","dex","6060"
"2024-02-13 00:00:00.000","dapp","1232"
"2024-01-21 00:00:00.000","dex","5979"
"2024-03-07 00:00:00.000","defi","1124"
"2024-07-26 00:00:00.000","dex","630"
"2024-04-22 00:00:00.000","nft","792"
"2024-01-14 00:00:00.000","defi","533"
"2024-07-23 00:00:00.000","dex","929"
"2024-03-03 00:00:00.000","dex","754"
"2024-01-18 00:00:00.000","defi","504"
"2024-02-26 00:00:00.000","nft","501"
"2024-01-15 00:00:00.000","nft","344"
"2024-06-13 00:00:00.000","bridge","715"
"2024-05-09 00:00:00.000","dapp","688"
"2024-02-27 00:00:00.000","nft","524"
"2024-01-02 00:00:00.000","defi","330"
"2024-08-15 00:00:00.000","bridge","61"
"2024-07-07 00:00:00.000","dex","615"
"2024-08-16 00:00:00.000","nft","50"
"2024-08-20 00:00:00.000","bridge","88"
"2024-03-23 00:00:00.000","bridge","4718"
"2024-01-30 00:00:00.000","dapp","2528"
"2024-03-19 00:00:00.000","defi","15424"
"2024-05-23 00:00:00.000","dex","2300"
"2024-03-27 00:00:00.000","bridge","4940"
"2024-03-28 00:00:00.000","dex","3243"
"2024-04-08 00:00:00.000","bridge","2672"
"2024-01-26 00:00:00.000","dex","817"
"2024-02-25 00:00:00.000","dex","968"
"2024-07-21 00:00:00.000","dex","1413"
"2024-06-18 00:00:00.000","bridge","324"
"2024-07-05 00:00:00.000","dex","637"
"2024-02-29 00:00:00.000","bridge","523"
"2024-06-28 00:00:00.000","nft","444"
"2024-05-29 00:00:00.000","dapp","534"
"2024-05-29 00:00:00.000","bridge","161"
"2024-01-08 00:00:00.000","nft","200"
"2024-09-01 00:00:00.000","defi","171"
"2024-05-26 00:00:00.000","nft","160"
"2024-05-17 00:00:00.000","dapp","262"
"2024-08-08 00:00:00.000","nft","41"
"2024-09-11 00:00:00.000","bridge","32"
"2024-08-12 00:00:00.000","nft","35"
"2024-06-03 00:00:00.000","defi","37563"
"2024-04-20 00:00:00.000","defi","1272"
"2024-08-20 00:00:00.000","dex","266"
"2024-03-22 00:00:00.000","nft","22109"
"2024-03-20 00:00:00.000","dapp","3356"
"2024-01-17 00:00:00.000","defi","429"
"2024-04-01 00:00:00.000","defi","1808"
"2024-08-28 00:00:00.000","dex","246"
"2024-03-16 00:00:00.000","dapp","8235"
"2024-01-30 00:00:00.000","bridge","969"
"2024-04-17 00:00:00.000","nft","600"
"2024-05-07 00:00:00.000","dapp","607"
"2024-02-11 00:00:00.000","bridge","539"
"2024-02-26 00:00:00.000","dapp","571"
"2024-08-28 00:00:00.000","nft","79"
"2024-04-02 00:00:00.000","nft","700"
"2024-05-30 00:00:00.000","bridge","212"
"2024-05-31 00:00:00.000","bridge","184"
"2024-01-20 00:00:00.000","nft","136"
"2024-03-31 00:00:00.000","dex","3067"
"2024-06-23 00:00:00.000","dapp","233"
"2024-09-10 00:00:00.000","bridge","47"
"2024-08-04 00:00:00.000","bridge","73"
"2024-03-11 00:00:00.000","defi","5981"
"2024-03-09 00:00:00.000","nft","1608"
"2024-06-03 00:00:00.000","dapp","5009"
"2024-02-22 00:00:00.000","defi","2018"
"2024-04-12 00:00:00.000","bridge","4848"
"2024-06-07 00:00:00.000","defi","12491"
"2024-07-19 00:00:00.000","defi","555"
"2024-01-03 00:00:00.000","bridge","732"
"2024-02-19 00:00:00.000","defi","544"
"2024-08-29 00:00:00.000","dex","185"
"2024-07-29 00:00:00.000","dex","313"
"2024-05-03 00:00:00.000","dapp","444"
"2024-08-05 00:00:00.000","nft","33"
"2024-08-16 00:00:00.000","defi","137"
"2024-07-13 00:00:00.000","dex","200"
"2024-08-25 00:00:00.000","defi","180"
"2024-08-08 00:00:00.000","defi","416"
"2024-02-11 00:00:00.000","defi","1680"
"2024-03-09 00:00:00.000","defi","23907"
"2024-03-10 00:00:00.000","defi","25231"
"2024-02-03 00:00:00.000","defi","602"
"2024-04-23 00:00:00.000","bridge","2419"
"2024-08-14 00:00:00.000","defi","240"
"2024-06-03 00:00:00.000","dex","1635"
"2024-05-06 00:00:00.000","defi","1528"
"2024-06-14 00:00:00.000","dapp","309"
"2024-05-22 00:00:00.000","nft","1371"
"2024-06-08 00:00:00.000","nft","301"
"2024-07-02 00:00:00.000","dapp","245"
"2024-08-12 00:00:00.000","dapp","88"
"2024-07-14 00:00:00.000","bridge","95"
"2024-07-28 00:00:00.000","defi","249"
"2024-09-12 00:00:00.000","defi","64"
"2024-07-06 00:00:00.000","nft","185"
"2024-03-15 00:00:00.000","defi","8903"
"2024-08-02 00:00:00.000","defi","555"
"2024-01-08 00:00:00.000","bridge","1065"
"2024-06-04 00:00:00.000","bridge","115"
"2024-08-19 00:00:00.000","defi","97"
"2024-08-24 00:00:00.000","nft","148"
"2024-08-25 00:00:00.000","dapp","122"
"2024-06-08 00:00:00.000","bridge","153"
"2024-01-03 00:00:00.000","dapp","187"
"2024-08-23 00:00:00.000","bridge","47"
"2024-07-13 00:00:00.000","bridge","76"
"2024-03-21 00:00:00.000","dapp","9795"
"2024-01-06 00:00:00.000","bridge","1186"
"2024-04-21 00:00:00.000","bridge","1920"
"2024-02-12 00:00:00.000","dex","2890"
"2024-03-24 00:00:00.000","bridge","4748"
"2024-02-06 00:00:00.000","bridge","897"
"2024-04-23 00:00:00.000","dex","1650"
"2024-06-22 00:00:00.000","bridge","146"
"2024-06-18 00:00:00.000","dex","843"
"2024-07-27 00:00:00.000","defi","382"
"2024-04-30 00:00:00.000","nft","436"
"2024-01-05 00:00:00.000","dapp","589"
"2024-05-16 00:00:00.000","bridge","264"
"2024-07-19 00:00:00.000","dex","1009"
"2024-03-20 00:00:00.000","dex","12301"
"2024-05-27 00:00:00.000","defi","797"
"2024-04-08 00:00:00.000","nft","1005"
"2024-03-22 00:00:00.000","dapp","8352"
"2024-03-02 00:00:00.000","bridge","396"
"2024-06-22 00:00:00.000","dex","1099"
"2024-06-09 00:00:00.000","defi","663"
"2024-07-30 00:00:00.000","defi","281"
"2024-06-20 00:00:00.000","defi","742"
"2024-05-11 00:00:00.000","dapp","368"
"2024-01-28 00:00:00.000","bridge","1119"
"2024-03-02 00:00:00.000","dapp","873"
"2024-02-21 00:00:00.000","bridge","428"
"2024-06-19 00:00:00.000","nft","229"
"2024-07-04 00:00:00.000","bridge","133"
"2024-07-15 00:00:00.000","nft","157"
"2024-05-26 00:00:00.000","game","1314"
"2024-06-02 00:00:00.000","defi","179409"
"2024-04-18 00:00:00.000","defi","2291"
"2024-09-09 00:00:00.000","bridge","54"
"2024-01-23 00:00:00.000","bridge","917"
"2024-03-21 00:00:00.000","nft","22113"
"2024-04-29 00:00:00.000","dex","1899"
"2024-03-07 00:00:00.000","dex","3128"
"2024-03-03 00:00:00.000","nft","1028"
"2024-05-22 00:00:00.000","defi","584"
"2024-05-28 00:00:00.000","bridge","143"
"2024-06-30 00:00:00.000","dex","552"
"2024-04-21 00:00:00.000","dapp","1312"
"2024-01-26 00:00:00.000","dapp","308"
"2024-09-04 00:00:00.000","nft","290"
"2024-04-26 00:00:00.000","dapp","687"
"2024-02-09 00:00:00.000","bridge","516"
"2024-07-21 00:00:00.000","defi","687"
"2024-07-09 00:00:00.000","defi","295"
"2024-01-11 00:00:00.000","dex","753"
"2024-01-20 00:00:00.000","dex","950"
"2024-02-20 00:00:00.000","dapp","1883"
"2024-08-23 00:00:00.000","defi","170"
"2024-05-04 00:00:00.000","dapp","537"
"2024-03-24 00:00:00.000","dapp","3162"
"2024-09-05 00:00:00.000","dex","430"
"2024-02-03 00:00:00.000","dapp","2266"
"2024-04-29 00:00:00.000","defi","1714"
"2024-06-05 00:00:00.000","nft","312"
"2024-06-11 00:00:00.000","nft","249"
"2024-05-28 00:00:00.000","dapp","545"
"2024-02-14 00:00:00.000","bridge","967"
"2024-05-20 00:00:00.000","bridge","186"
"2024-05-16 00:00:00.000","dapp","285"
"2024-08-21 00:00:00.000","defi","204"
"2024-01-01 00:00:00.000","dapp","124"
"2024-08-27 00:00:00.000","nft","79"
"2024-05-19 00:00:00.000","bridge","118"
"2024-06-02 00:00:00.000","bridge","133"
"2024-02-17 00:00:00.000","nft","695"
"2024-01-20 00:00:00.000","defi","623"
"2024-02-09 00:00:00.000","dex","636"
"2024-01-27 00:00:00.000","dex","805"
"2024-02-12 00:00:00.000","dapp","933"
"2024-04-18 00:00:00.000","dex","1786"
"2024-02-29 00:00:00.000","dex","2195"
"2024-07-01 00:00:00.000","dapp","304"
"2024-06-02 00:00:00.000","dapp","952"
"2024-04-05 00:00:00.000","nft","912"
"2024-08-31 00:00:00.000","dapp","234"
"2024-09-08 00:00:00.000","dex","251"
"2024-06-09 00:00:00.000","bridge","231"
"2024-02-21 00:00:00.000","nft","592"
"2024-08-04 00:00:00.000","nft","28"
"2024-02-04 00:00:00.000","nft","43649"
"2024-01-11 00:00:00.000","defi","748"
"2024-06-27 00:00:00.000","defi","656"
"2024-02-29 00:00:00.000","defi","2284"
"2024-03-02 00:00:00.000","defi","1573"
"2024-05-01 00:00:00.000","dapp","378"
"2024-04-05 00:00:00.000","bridge","2668"
"2024-07-24 00:00:00.000","dex","766"
"2024-09-11 00:00:00.000","dex","400"
"2024-08-02 00:00:00.000","bridge","452"
"2024-04-19 00:00:00.000","defi","1177"
"2024-04-19 00:00:00.000","nft","600"
"2024-04-30 00:00:00.000","bridge","3584"
"2024-05-25 00:00:00.000","dex","839"
"2024-04-02 00:00:00.000","dex","1873"
"2024-06-12 00:00:00.000","nft","279"
"2024-07-10 00:00:00.000","bridge","101"
"2024-07-02 00:00:00.000","defi","325"
"2024-01-06 00:00:00.000","dapp","134"
"2024-03-15 00:00:00.000","dex","7688"
"2024-05-21 00:00:00.000","dapp","376"
"2024-08-17 00:00:00.000","dapp","47"
"2024-08-07 00:00:00.000","nft","62"
"2024-06-20 00:00:00.000","nft","112"
"2024-09-01 00:00:00.000","bridge","23"
"2024-02-18 00:00:00.000","dex","2409"
"2024-06-04 00:00:00.000","defi","2303"
"2024-05-10 00:00:00.000","defi","1224"
"2024-02-15 00:00:00.000","defi","700"
"2024-04-03 00:00:00.000","dex","1314"
"2024-04-16 00:00:00.000","nft","1018"
"2024-04-19 00:00:00.000","dapp","1689"
"2024-07-14 00:00:00.000","defi","182"
"2024-08-06 00:00:00.000","dapp","191"
"2024-06-06 00:00:00.000","defi","658"
"2024-08-29 00:00:00.000","defi","260"
"2024-06-20 00:00:00.000","dapp","300"
"2024-07-12 00:00:00.000","defi","388"
"2024-05-03 00:00:00.000","dex","481"
"2024-06-10 00:00:00.000","dapp","592"
"2024-05-14 00:00:00.000","dex","617"
"2024-05-01 00:00:00.000","nft","375"
"2024-05-20 00:00:00.000","dapp","229"
"2024-08-29 00:00:00.000","dapp","116"
"2024-08-17 00:00:00.000","dex","117"
"2024-07-10 00:00:00.000","dapp","185"
"2024-09-01 00:00:00.000","dex","272"
"2024-01-28 00:00:00.000","defi","924"
"2024-01-22 00:00:00.000","bridge","864"
"2024-06-01 00:00:00.000","dapp","545"
"2024-08-22 00:00:00.000","bridge","83"
"2024-07-07 00:00:00.000","bridge","84"
"2024-07-09 00:00:00.000","nft","97"
"2024-08-29 00:00:00.000","bridge","27"
"2024-04-02 00:00:00.000","bridge","2762"
"2024-04-09 00:00:00.000","bridge","2616"
"2024-06-13 00:00:00.000","defi","739"
"2024-04-26 00:00:00.000","bridge","3586"
"2024-01-10 00:00:00.000","nft","176"
"2024-03-22 00:00:00.000","bridge","5740"
"2024-02-23 00:00:00.000","bridge","514"
"2024-01-31 00:00:00.000","defi","642"
"2024-07-07 00:00:00.000","dapp","151"
"2024-01-24 00:00:00.000","bridge","972"
"2024-04-07 00:00:00.000","dapp","1489"
"2024-06-28 00:00:00.000","dapp","331"
"2024-07-06 00:00:00.000","dapp","162"
"2024-09-10 00:00:00.000","defi","433"
"2024-01-21 00:00:00.000","nft","978"
"2024-01-19 00:00:00.000","dapp","141"
"2024-08-01 00:00:00.000","bridge","48"
"2024-01-11 00:00:00.000","nft","208"
"2024-08-25 00:00:00.000","nft","168"
"2024-03-26 00:00:00.000","defi","13192"
"2024-03-17 00:00:00.000","dex","11948"
"2024-04-11 00:00:00.000","dex","2882"
"2024-02-23 00:00:00.000","defi","956"
"2024-08-31 00:00:00.000","nft","3213"
"2024-01-13 00:00:00.000","dapp","1425"
"2024-04-13 00:00:00.000","dapp","1744"
"2024-02-07 00:00:00.000","bridge","923"
"2024-02-02 00:00:00.000","bridge","715"
"2024-06-15 00:00:00.000","nft","263"
"2024-05-28 00:00:00.000","defi","872"
"2024-07-26 00:00:00.000","bridge","414"
"2024-01-20 00:00:00.000","bridge","930"
"2024-04-12 00:00:00.000","dex","2076"
"2024-08-28 00:00:00.000","defi","325"
"2024-04-14 00:00:00.000","dex","1476"
"2024-06-05 00:00:00.000","dapp","577"
"2024-06-01 00:00:00.000","bridge","157"
"2024-06-22 00:00:00.000","dapp","270"
"2024-05-27 00:00:00.000","dapp","477"
"2024-08-19 00:00:00.000","bridge","42"
"2024-03-25 00:00:00.000","bridge","4290"
"2024-01-12 00:00:00.000","dapp","808"
"2024-05-23 00:00:00.000","dapp","335"
"2024-01-13 00:00:00.000","bridge","836"
"2024-03-22 00:00:00.000","dex","29263"
"2024-01-12 00:00:00.000","dex","471"
"2024-04-13 00:00:00.000","bridge","2454"
"2024-01-08 00:00:00.000","dex","574"
"2024-01-17 00:00:00.000","bridge","991"
"2024-04-25 00:00:00.000","dapp","1049"
"2024-01-04 00:00:00.000","defi","462"
"2024-03-09 00:00:00.000","bridge","1936"
"2024-03-12 00:00:00.000","bridge","3860"
"2024-01-07 00:00:00.000","dex","506"
"2024-04-13 00:00:00.000","nft","1167"
"2024-08-22 00:00:00.000","defi","279"
"2024-07-21 00:00:00.000","bridge","378"
"2024-04-18 00:00:00.000","dapp","1888"
"2024-08-20 00:00:00.000","nft","75"
"2024-08-30 00:00:00.000","dapp","188"
"2024-01-28 00:00:00.000","dapp","1577"
"2024-01-15 00:00:00.000","dex","600"
"2024-02-25 00:00:00.000","defi","675"
"2024-02-11 00:00:00.000","nft","498"
"2024-01-23 00:00:00.000","dapp","340"
"2024-03-15 00:00:00.000","dapp","4830"
"2024-02-07 00:00:00.000","dapp","18421"
"2024-07-16 00:00:00.000","defi","1625"
"2024-04-07 00:00:00.000","defi","2072"
"2024-06-26 00:00:00.000","bridge","181"
"2024-04-20 00:00:00.000","dapp","1634"
"2024-02-24 00:00:00.000","dex","888"
"2024-07-31 00:00:00.000","defi","269"
"2024-09-11 00:00:00.000","defi","361"
"2024-03-05 00:00:00.000","dapp","659"
"2024-01-03 00:00:00.000","dex","579"
"2024-05-04 00:00:00.000","bridge","364"
"2024-03-07 00:00:00.000","dapp","648"
"2024-01-14 00:00:00.000","dex","751"
"2024-02-25 00:00:00.000","nft","505"
"2024-01-14 00:00:00.000","dapp","232"
"2024-06-04 00:00:00.000","dex","3051"
"2024-07-02 00:00:00.000","dex","622"
"2024-06-12 00:00:00.000","defi","705"
"2024-07-18 00:00:00.000","dex","1843"
"2024-07-17 00:00:00.000","dex","2523"
"2024-04-02 00:00:00.000","dapp","994"
"2024-07-28 00:00:00.000","dapp","297"
"2024-04-05 00:00:00.000","dex","1736"
"2024-02-17 00:00:00.000","defi","1247"
"2024-05-26 00:00:00.000","dex","967"
"2024-02-29 00:00:00.000","nft","694"
"2024-08-23 00:00:00.000","dapp","89"
"2024-08-02 00:00:00.000","dapp","635"
"2024-03-09 00:00:00.000","dapp","1027"
"2024-04-14 00:00:00.000","bridge","2168"
"2024-08-21 00:00:00.000","bridge","60"
"2024-02-10 00:00:00.000","bridge","512"
"2024-02-26 00:00:00.000","dex","1684"
"2024-06-23 00:00:00.000","dex","1388"
"2024-05-21 00:00:00.000","nft","2610"
"2024-04-17 00:00:00.000","bridge","2104"
"2024-05-13 00:00:00.000","dapp","501"
"2024-03-17 00:00:00.000","dapp","3996"
"2024-01-06 00:00:00.000","dex","448"
"2024-04-17 00:00:00.000","dapp","1348"
"2024-07-26 00:00:00.000","defi","555"
"2024-01-16 00:00:00.000","nft","275"
"2024-02-16 00:00:00.000","nft","353"
"2024-07-02 00:00:00.000","bridge","684"
"2024-07-04 00:00:00.000","nft","132"
"2024-05-13 00:00:00.000","bridge","264"
"2024-08-16 00:00:00.000","dex","205"
"2024-03-20 00:00:00.000","bridge","5639"
"2024-03-18 00:00:00.000","dex","13007"
"2024-06-24 00:00:00.000","nft","80"
"2024-06-20 00:00:00.000","dex","1112"
"2024-04-06 00:00:00.000","defi","1786"
"2024-01-31 00:00:00.000","dapp","3845"
"2024-04-14 00:00:00.000","nft","1029"
"2024-01-18 00:00:00.000","bridge","822"
"2024-09-04 00:00:00.000","defi","287"
"2024-08-10 00:00:00.000","bridge","40"
"2024-01-06 00:00:00.000","nft","757"
"2024-01-01 00:00:00.000","nft","584"
"2024-06-21 00:00:00.000","bridge","126"
"2024-05-27 00:00:00.000","nft","132"
"2024-02-18 00:00:00.000","defi","955"
"2024-03-30 00:00:00.000","bridge","5342"
"2024-03-18 00:00:00.000","bridge","4567"
"2024-08-09 00:00:00.000","nft","39"
"2024-06-18 00:00:00.000","defi","818"
"2024-05-23 00:00:00.000","defi","805"
"2024-03-19 00:00:00.000","dapp","2806"
"2024-01-27 00:00:00.000","bridge","1034"
"2024-05-06 00:00:00.000","bridge","396"
"2024-01-29 00:00:00.000","dex","720"
"2024-04-04 00:00:00.000","nft","835"
"2024-01-22 00:00:00.000","nft","929"
"2024-09-10 00:00:00.000","dex","537"
"2024-08-04 00:00:00.000","dex","258"
"2024-06-10 00:00:00.000","bridge","232"
"2024-02-15 00:00:00.000","bridge","479"
"2024-09-07 00:00:00.000","dex","274"
"2024-08-13 00:00:00.000","dapp","84"
"2024-01-09 00:00:00.000","dex","544"
"2024-04-24 00:00:00.000","nft","759"
"2024-08-12 00:00:00.000","bridge","41"
"2024-08-19 00:00:00.000","nft","30"
"2024-07-15 00:00:00.000","defi","1169"
"2024-04-10 00:00:00.000","defi","2037"
"2024-02-22 00:00:00.000","dex","1277"
"2024-03-16 00:00:00.000","bridge","4481"
"2024-08-11 00:00:00.000","dex","526"
"2024-06-14 00:00:00.000","bridge","152"
"2024-07-31 00:00:00.000","dex","610"
"2024-04-23 00:00:00.000","nft","957"
"2024-04-09 00:00:00.000","nft","1047"
"2024-06-11 00:00:00.000","defi","576"
"2024-09-02 00:00:00.000","defi","215"
"2024-09-01 00:00:00.000","dapp","92"
"2024-01-30 00:00:00.000","defi","577"
"2024-02-13 00:00:00.000","bridge","570"
"2024-05-10 00:00:00.000","dapp","399"
"2024-07-23 00:00:00.000","nft","152"
"2024-08-09 00:00:00.000","defi","183"
"2024-07-25 00:00:00.000","bridge","127"
"2024-05-09 00:00:00.000","dex","1792"
"2024-01-31 00:00:00.000","bridge","1142"
"2024-07-16 00:00:00.000","bridge","101"
"2024-06-09 00:00:00.000","nft","223"
"2024-08-02 00:00:00.000","nft","46"
"2024-09-03 00:00:00.000","bridge","51"
"2024-03-16 00:00:00.000","defi","8707"
"2024-03-19 00:00:00.000","dex","15988"
"2024-01-17 00:00:00.000","nft","159"
"2024-02-14 00:00:00.000","dex","2888"
"2024-09-08 00:00:00.000","defi","243"
"2024-01-10 00:00:00.000","dex","787"
"2024-05-11 00:00:00.000","dex","1288"
"2024-08-01 00:00:00.000","dex","360"
"2024-05-16 00:00:00.000","defi","1706"
"2024-03-06 00:00:00.000","dapp","701"
"2024-02-03 00:00:00.000","bridge","764"
"2024-04-13 00:00:00.000","dex","1653"
"2024-05-15 00:00:00.000","nft","408"
"2024-04-01 00:00:00.000","dapp","1488"
"2024-07-16 00:00:00.000","dapp","227"
"2024-07-08 00:00:00.000","dapp","145"
"2024-08-31 00:00:00.000","bridge","79"
"2024-06-18 00:00:00.000","dapp","222"
"2024-05-11 00:00:00.000","bridge","264"
"2024-08-13 00:00:00.000","nft","41"
"2024-03-21 00:00:00.000","dex","71741"
"2024-06-15 00:00:00.000","dapp","231"
"2024-05-08 00:00:00.000","dex","1767"
"2024-03-04 00:00:00.000","dex","2560"
"2024-05-14 00:00:00.000","defi","604"
"2024-05-01 00:00:00.000","bridge","1584"
"2024-08-07 00:00:00.000","dapp","189"
"2024-02-17 00:00:00.000","dapp","430"
"2024-02-19 00:00:00.000","dapp","4470"
"2024-08-11 00:00:00.000","defi","773"
"2024-09-08 00:00:00.000","bridge","28"
"2024-06-17 00:00:00.000","nft","196"
"2024-08-03 00:00:00.000","nft","45"
"2024-09-05 00:00:00.000","bridge","67"
"2024-06-26 00:00:00.000","nft","183"
"2024-06-26 00:00:00.000","dex","841"
"2024-08-01 00:00:00.000","defi","237"
"2024-08-26 00:00:00.000","bridge","36"
"2024-02-02 00:00:00.000","dapp","3457"
"2024-05-09 00:00:00.000","defi","2008"
"2024-01-05 00:00:00.000","defi","558"
"2024-04-27 00:00:00.000","dex","2138"
"2024-01-11 00:00:00.000","dapp","2750"
"2024-05-04 00:00:00.000","dex","790"
"2024-08-18 00:00:00.000","bridge","48"
"2024-03-12 00:00:00.000","dapp","846"
"2024-06-25 00:00:00.000","dapp","329"
"2024-08-27 00:00:00.000","defi","367"
"2024-08-07 00:00:00.000","defi","324"
"2024-01-04 00:00:00.000","dex","561"
"2024-06-07 00:00:00.000","dapp","585"
"2024-03-11 00:00:00.000","dapp","1123"
"2024-09-06 00:00:00.000","nft","299"
"2024-08-20 00:00:00.000","dapp","105"
"2024-08-29 00:00:00.000","nft","42"
"2024-03-31 00:00:00.000","bridge","5587"
"2024-06-18 00:00:00.000","nft","143"
"2024-07-08 00:00:00.000","defi","538"
"2024-06-26 00:00:00.000","dapp","320"
"2024-01-09 00:00:00.000","bridge","1116"
