FIRST_TX,New Wallets,New Active Users,Cumulative New Wallets,Cumulative Active Users,Active Only 1 Day,Active >= 2 Day,Active >= 5 Day,Active >= 7 Day,Active >= 14 Day,Active >= 50 Day,Active >= 100 Day,Active >= 200 Day
2024-09-11 00:00:00.000,641,0,1535924,20664,782696,753228,321273,228443,153264,7625,2023,256
2024-09-10 00:00:00.000,547,0,1535283,20664,782055,753228,321273,228443,153264,7625,2023,256
2024-09-09 00:00:00.000,390,0,1534736,20664,781612,753124,321273,228443,153264,7625,2023,256
2024-09-08 00:00:00.000,233,0,1534346,20664,781253,753093,321273,228443,153264,7625,2023,256
2024-09-07 00:00:00.000,262,0,1534113,20664,781029,753084,321273,228443,153264,7625,2023,256
2024-09-06 00:00:00.000,409,0,1533851,20664,780863,752988,321270,228443,153264,7625,2023,256
2024-09-05 00:00:00.000,413,1,1533442,20664,780641,752801,321268,228443,153264,7625,2023,256
2024-09-04 00:00:00.000,568,5,1533029,20663,780381,752648,321264,228442,153264,7625,2023,256
2024-09-03 00:00:00.000,467,1,1532461,20658,779931,752530,321257,228437,153264,7625,2023,256
2024-09-02 00:00:00.000,501,2,1531994,20657,779643,752351,321254,228436,153264,7625,2023,256
2024-09-01 00:00:00.000,316,1,1531493,20655,779308,752185,321250,228434,153262,7625,2023,256
2024-08-31 00:00:00.000,449,3,1531177,20654,779149,752028,321241,228433,153262,7625,2023,256
2024-08-30 00:00:00.000,233,3,1530728,20651,778764,751964,321232,228430,153260,7625,2023,256
2024-08-29 00:00:00.000,177,1,1530495,20648,778615,751880,321224,228427,153259,7625,2023,256
2024-08-28 00:00:00.000,244,71,1530318,20647,778504,751814,321218,228426,153259,7625,2023,256
2024-08-27 00:00:00.000,243,6,1530074,20576,778398,751676,321144,228355,153193,7625,2023,256
2024-08-26 00:00:00.000,201,4,1529831,20570,778249,751582,321131,228349,153191,7625,2023,256
2024-08-25 00:00:00.000,140,8,1529630,20566,778087,751543,321124,228345,153187,7625,2023,256
2024-08-24 00:00:00.000,132,0,1529490,20558,778000,751490,321114,228336,153187,7625,2023,256
2024-08-23 00:00:00.000,131,1,1529358,20558,777910,751448,321112,228336,153187,7625,2023,256
2024-08-22 00:00:00.000,223,5,1529227,20557,777816,751411,321108,228335,153187,7625,2023,256
2024-08-21 00:00:00.000,162,0,1529004,20552,777672,751332,321098,228328,153183,7625,2023,256
2024-08-20 00:00:00.000,267,2,1528842,20552,777580,751262,321098,228328,153183,7625,2023,256
2024-08-19 00:00:00.000,13111,3,1528575,20550,777427,751148,321092,228325,153181,7625,2023,256
2024-08-18 00:00:00.000,143,2,1515464,20547,777318,738146,321085,228322,153181,7625,2023,256
2024-08-17 00:00:00.000,126,3,1515321,20545,777232,738089,321080,228319,153178,7625,2023,256
2024-08-16 00:00:00.000,159,8,1515195,20542,777154,738041,321072,228315,153174,7625,2023,256
2024-08-15 00:00:00.000,322,3,1515036,20534,777051,737985,321059,228305,153167,7625,2023,256
2024-08-14 00:00:00.000,271,3,1514714,20531,776791,737923,321051,228302,153165,7625,2023,256
2024-08-13 00:00:00.000,858,13,1514443,20528,776564,737879,321043,228298,153162,7625,2023,256
2024-08-12 00:00:00.000,152,1,1513585,20515,775766,737819,321024,228285,153151,7625,2023,256
2024-08-11 00:00:00.000,537,2,1513433,20514,775650,737783,321015,228283,153151,7625,2023,256
2024-08-10 00:00:00.000,742,3,1512896,20512,775150,737746,321012,228281,153150,7625,2023,256
2024-08-09 00:00:00.000,183,6,1512154,20509,774507,737647,321000,228276,153147,7625,2023,256
2024-08-08 00:00:00.000,425,3,1511971,20503,774364,737607,320984,228268,153143,7625,2023,256
2024-08-07 00:00:00.000,297,6,1511546,20500,773996,737550,320978,228265,153141,7625,2023,256
2024-08-06 00:00:00.000,341,0,1511249,20494,773804,737445,320959,228258,153135,7625,2023,256
2024-08-05 00:00:00.000,231,4,1510908,20494,773624,737284,320947,228253,153134,7625,2023,256
2024-08-04 00:00:00.000,244,2,1510677,20490,773438,737239,320935,228246,153131,7625,2023,256
2024-08-03 00:00:00.000,345,4,1510433,20488,773257,737176,320927,228243,153128,7625,2023,256
2024-08-02 00:00:00.000,690,1,1510088,20484,773071,737017,320920,228239,153128,7625,2023,256
2024-08-01 00:00:00.000,374,15,1509398,20483,772847,736551,320915,228238,153127,7625,2023,256
2024-07-31 00:00:00.000,645,4,1509024,20468,772614,736410,320891,228221,153124,7625,2023,256
2024-07-30 00:00:00.000,438,2,1508379,20464,772067,736312,320873,228215,153121,7625,2023,256
2024-07-29 00:00:00.000,384,5,1507941,20462,771772,736169,320864,228211,153120,7625,2023,256
2024-07-28 00:00:00.000,377,14,1507557,20457,771539,736018,320851,228203,153114,7625,2023,256
2024-07-27 00:00:00.000,408,6,1507180,20443,771359,735821,320809,228176,153099,7625,2023,256
2024-07-26 00:00:00.000,654,8,1506772,20437,771115,735657,320793,228167,153094,7625,2023,256
2024-07-25 00:00:00.000,634,8,1506118,20429,770680,735438,320773,228152,153091,7625,2023,256
2024-07-24 00:00:00.000,916,8,1505484,20421,770277,735207,320733,228141,153085,7625,2023,256
2024-07-23 00:00:00.000,1013,2,1504568,20413,769578,734990,320716,228130,153080,7625,2023,256
2024-07-22 00:00:00.000,1296,7,1503555,20411,768951,734604,320687,228122,153076,7625,2023,256
2024-07-21 00:00:00.000,1496,3,1502259,20404,767979,734280,320483,228100,153067,7624,2023,256
2024-07-20 00:00:00.000,1180,7,1500763,20401,766922,733841,320370,228088,153063,7624,2023,256
2024-07-19 00:00:00.000,1033,4,1499583,20394,766020,733563,320336,228074,153057,7624,2023,256
2024-07-18 00:00:00.000,1864,12,1498550,20390,765178,733372,320324,228068,153055,7624,2023,256
2024-07-17 00:00:00.000,2550,3,1496686,20378,763524,733162,320292,228053,153044,7624,2023,256
2024-07-16 00:00:00.000,7225,6,1494136,20375,761193,732943,320281,228046,153039,7624,2023,256
2024-07-15 00:00:00.000,6055,2,1486911,20369,754319,732592,320254,228034,153033,7624,2023,256
2024-07-14 00:00:00.000,226,6,1480856,20367,748929,731927,320243,228029,153030,7624,2023,256
2024-07-13 00:00:00.000,229,5,1480630,20361,748782,731848,320226,228016,153021,7623,2023,256
2024-07-12 00:00:00.000,370,14,1480401,20356,748636,731765,320207,228003,153010,7622,2023,256
2024-07-11 00:00:00.000,364,2,1480031,20342,748447,731584,320174,227977,153001,7621,2023,256
2024-07-10 00:00:00.000,379,1,1479667,20340,748239,731428,320155,227972,152997,7621,2023,256
2024-07-09 00:00:00.000,254,5,1479288,20339,748014,731274,320130,227966,152997,7621,2023,256
2024-07-08 00:00:00.000,544,2,1479034,20334,747875,731159,320105,227949,152985,7621,2023,256
2024-07-07 00:00:00.000,656,4,1478490,20332,747497,730993,320078,227941,152981,7621,2023,256
2024-07-06 00:00:00.000,822,3,1477834,20328,747001,730833,320041,227931,152979,7621,2023,256
2024-07-05 00:00:00.000,624,9,1477012,20325,746747,730265,320018,227922,152977,7621,2023,256
2024-07-04 00:00:00.000,1258,22,1476388,20316,746458,729930,319953,227895,152966,7621,2023,256
2024-07-03 00:00:00.000,1099,11,1475130,20294,745975,729155,319859,227860,152945,7621,2023,256
2024-07-02 00:00:00.000,653,8,1474031,20283,745646,728385,319801,227844,152936,7621,2023,256
2024-07-01 00:00:00.000,1255,11,1473378,20275,745218,728160,319763,227826,152926,7621,2023,256
2024-06-30 00:00:00.000,576,15,1472123,20264,744827,727296,319709,227806,152917,7621,2023,256
2024-06-29 00:00:00.000,598,14,1471547,20249,744489,727058,319641,227785,152905,7615,2023,256
2024-06-28 00:00:00.000,1322,13,1470949,20235,744276,726673,319534,227757,152893,7609,2023,256
2024-06-27 00:00:00.000,760,11,1469627,20222,743657,725970,319469,227736,152880,7600,2023,256
2024-06-26 00:00:00.000,832,21,1468867,20211,743076,725791,319417,227715,152872,7600,2023,256
2024-06-25 00:00:00.000,1141,4,1468035,20190,742565,725470,319353,227682,152865,7600,2023,256
2024-06-24 00:00:00.000,1417,2,1466894,20186,741930,724964,319282,227657,152855,7599,2023,256
2024-06-23 00:00:00.000,1393,5,1465477,20184,740783,724694,319240,227640,152846,7599,2023,256
2024-06-22 00:00:00.000,1083,9,1464084,20179,739646,724438,319182,227612,152833,7599,2023,256
2024-06-21 00:00:00.000,1520,15,1463001,20170,738899,724102,319133,227577,152818,7598,2023,256
2024-06-20 00:00:00.000,1096,29,1461481,20155,737663,723818,319082,227538,152799,7597,2023,256
2024-06-19 00:00:00.000,739,102,1460385,20126,736862,723523,318996,227466,152757,7596,2023,256
2024-06-18 00:00:00.000,857,156,1459646,20024,736564,723082,318756,227261,152601,7594,2023,256
2024-06-17 00:00:00.000,1133,534,1458789,19868,736247,722542,318473,227009,152391,7594,2023,256
2024-06-16 00:00:00.000,938,332,1457656,19334,736074,721582,317685,226244,151663,7594,2023,256
2024-06-15 00:00:00.000,584,21,1456718,19002,735872,720846,317127,225721,151191,7594,2023,256
2024-06-14 00:00:00.000,514,13,1456134,18981,735674,720460,316964,225595,151123,7594,2023,256
2024-06-13 00:00:00.000,1244,22,1455620,18968,735430,720190,316860,225525,151089,7594,2023,256
2024-06-12 00:00:00.000,824,31,1454376,18946,734561,719815,316731,225424,151032,7594,2023,256
2024-06-11 00:00:00.000,738,23,1453552,18915,734168,719384,316569,225314,150961,7594,2023,256
2024-06-10 00:00:00.000,1050,33,1452814,18892,733793,719021,316427,225224,150920,7594,2023,256
2024-06-09 00:00:00.000,804,15,1451764,18859,733179,718585,316277,225129,150874,7593,2023,256
2024-06-08 00:00:00.000,1017,4,1450960,18844,732783,718177,316164,225074,150850,7592,2023,256
2024-06-07 00:00:00.000,1540,409,1449943,18840,732212,717731,316081,225042,150836,7591,2023,256
2024-06-06 00:00:00.000,1062,7,1448403,18431,731576,716827,315584,224587,150410,7192,2023,256
2024-06-05 00:00:00.000,937,3,1447341,18424,730956,716385,315412,224478,150364,7192,2023,256
2024-06-04 00:00:00.000,3093,1608,1446404,18421,730477,715927,315226,224351,150293,7190,2023,256
2024-06-03 00:00:00.000,1672,7,1443311,16813,729346,713965,313534,222702,148661,6079,1219,256
2024-06-02 00:00:00.000,939,5,1441639,16806,728562,713077,313016,222243,148350,6079,1219,256
2024-06-01 00:00:00.000,1498,4,1440700,16801,727983,712717,312920,222204,148332,6078,1219,256
2024-05-31 00:00:00.000,1994,15,1439202,16797,726873,712329,312860,222175,148320,6077,1219,256
2024-05-30 00:00:00.000,2770,26,1437208,16782,725699,711509,312660,222072,148302,6077,1219,256
2024-05-29 00:00:00.000,3974,158,1434438,16756,724069,710369,312485,222015,148290,6077,1219,256
2024-05-28 00:00:00.000,1709,40,1430464,16598,722448,708016,312201,221808,148271,6077,1219,256
2024-05-27 00:00:00.000,1352,7,1428755,16558,721490,707265,312008,221710,148218,6075,1219,256
2024-05-26 00:00:00.000,969,8,1427403,16551,720571,706832,311904,221666,148197,6075,1219,256
2024-05-25 00:00:00.000,992,2,1426434,16543,719940,706494,311762,221556,148114,6073,1219,256
2024-05-24 00:00:00.000,2463,19,1425442,16541,719412,706030,311603,221437,148064,6071,1218,256
2024-05-23 00:00:00.000,2413,14,1422979,16522,717740,705239,311231,221116,147853,6071,1218,256
2024-05-22 00:00:00.000,3369,7,1420566,16508,716067,704499,310886,220808,147643,6071,1218,256
2024-05-21 00:00:00.000,4074,11,1417197,16501,713375,703822,310564,220523,147420,6069,1218,256
2024-05-20 00:00:00.000,2569,4,1413123,16490,710905,702218,309478,219476,146404,6069,1218,256
2024-05-19 00:00:00.000,1066,10,1410554,16486,709295,701259,309264,219379,146355,6068,1218,256
2024-05-18 00:00:00.000,1651,4,1409488,16476,708530,700958,309206,219352,146334,6064,1218,256
2024-05-17 00:00:00.000,1928,4,1407837,16472,707438,700399,309107,219319,146316,6060,1218,256
2024-05-16 00:00:00.000,1403,33,1405909,16468,705914,699995,309026,219266,146297,6060,1218,256
2024-05-15 00:00:00.000,913,7,1404506,16435,704908,699598,308896,219173,146217,6060,1218,256
2024-05-14 00:00:00.000,689,6,1403593,16428,704473,699120,308806,219129,146198,6057,1217,256
2024-05-13 00:00:00.000,861,19,1402904,16422,704114,698790,308699,219073,146168,6057,1217,256
2024-05-12 00:00:00.000,901,40,1402043,16403,703601,698442,308575,218983,146116,6057,1217,256
2024-05-11 00:00:00.000,1317,136,1401142,16363,703241,697901,308431,218866,146038,6055,1217,256
2024-05-10 00:00:00.000,1739,373,1399825,16227,702628,697197,308179,218648,145873,6052,1216,256
2024-05-09 00:00:00.000,1696,6,1398086,15854,701815,696271,307565,218060,145297,6052,1216,256
2024-05-08 00:00:00.000,1837,82,1396390,15848,701262,695128,307010,217540,144812,6052,1216,256
2024-05-07 00:00:00.000,2513,331,1394553,15766,700277,694276,306512,217087,144499,6051,1215,256
2024-05-06 00:00:00.000,1926,284,1392040,15435,699515,692525,305159,215758,143208,6048,1215,256
2024-05-05 00:00:00.000,662,1,1390114,15151,699165,690949,303958,214681,142151,6046,1213,256
2024-05-04 00:00:00.000,755,8,1389452,15150,698834,690618,303893,214650,142130,6046,1213,256
2024-05-03 00:00:00.000,2874,7,1388697,15142,698510,690187,303812,214605,142112,6044,1213,256
2024-05-02 00:00:00.000,911,8,1385823,15135,697477,688346,302752,213983,142088,6043,1213,256
2024-05-01 00:00:00.000,1219,8,1384912,15127,697024,687888,302475,213730,142060,6042,1213,256
2024-04-30 00:00:00.000,1711,29,1383693,15119,696291,687402,302405,213681,142026,6038,1212,256
2024-04-29 00:00:00.000,2864,56,1381982,15090,695258,686724,302265,213603,141979,6030,1207,256
2024-04-28 00:00:00.000,2836,455,1379118,15034,693198,685920,301974,213435,141876,6028,1207,256
2024-04-27 00:00:00.000,2222,135,1376282,14579,692188,684094,300742,212321,140788,6027,1207,256
2024-04-26 00:00:00.000,1915,15,1374060,14444,691213,682847,299954,211580,140176,6026,1206,256
2024-04-25 00:00:00.000,3066,231,1372145,14429,690143,682002,299584,211268,140056,6023,1204,256
2024-04-24 00:00:00.000,2329,168,1369079,14198,688649,680430,298763,210489,139360,6020,1203,256
2024-04-23 00:00:00.000,1805,5,1366750,14030,687572,679178,298181,209962,138921,6019,1203,256
2024-04-22 00:00:00.000,1974,26,1364945,14025,686710,678235,298018,209892,138890,6018,1202,256
2024-04-21 00:00:00.000,2144,15,1362971,13999,685808,677163,297855,209781,138856,6018,1202,256
2024-04-20 00:00:00.000,2192,3,1360827,13984,685091,675736,297706,209706,138814,6017,1202,256
2024-04-19 00:00:00.000,1947,5,1358635,13981,684269,674366,297542,209629,138755,6016,1202,256
2024-04-18 00:00:00.000,2339,28,1356688,13976,683402,673286,297436,209594,138747,6016,1202,256
2024-04-17 00:00:00.000,2885,61,1354349,13948,682387,671962,297213,209506,138719,6012,1201,256
2024-04-16 00:00:00.000,2475,21,1351464,13887,681323,670141,296807,209326,138660,6011,1201,256
2024-04-15 00:00:00.000,2149,33,1348989,13866,680299,668690,296431,209115,138559,6011,1201,256
2024-04-14 00:00:00.000,1616,4,1346840,13833,679060,667780,296218,208988,138520,6011,1201,256
2024-04-13 00:00:00.000,2151,17,1345224,13829,678158,667066,296094,208923,138483,6010,1201,256
2024-04-12 00:00:00.000,2487,5,1343073,13812,677142,665931,295888,208816,138441,6008,1200,256
2024-04-11 00:00:00.000,3276,35,1340586,13807,675902,664684,295700,208734,138397,6005,1200,256
2024-04-10 00:00:00.000,2030,12,1337310,13772,674521,662789,294925,208064,137783,6000,1198,256
2024-04-09 00:00:00.000,2218,20,1335280,13760,673366,661914,294755,207983,137736,5994,1197,256
2024-04-08 00:00:00.000,2591,16,1333062,13740,672109,660953,294560,207881,137692,5991,1194,256
2024-04-07 00:00:00.000,2490,12,1330471,13724,670565,659906,294395,207781,137642,5984,1193,256
2024-04-06 00:00:00.000,2597,11,1327981,13712,669072,658909,294143,207673,137593,5981,1192,256
2024-04-05 00:00:00.000,2021,13,1325384,13701,667532,657852,293771,207531,137532,5981,1192,256
2024-04-04 00:00:00.000,2118,33,1323363,13688,666295,657068,293536,207413,137465,5976,1191,256
2024-04-03 00:00:00.000,1977,12,1321245,13655,665269,655976,293203,207176,137367,5973,1190,256
2024-04-02 00:00:00.000,1989,12,1319268,13643,664274,654994,292902,207000,137263,5971,1190,256
2024-04-01 00:00:00.000,2170,3,1317279,13631,663039,654240,292667,206874,137210,5970,1190,256
2024-03-31 00:00:00.000,3376,12,1315109,13628,661803,653306,292459,206790,137171,5970,1190,256
2024-03-30 00:00:00.000,4038,12,1311733,13616,659823,651910,292148,206619,137085,5957,1190,256
2024-03-29 00:00:00.000,4873,22,1307695,13604,656868,650827,291931,206516,137032,5955,1190,256
2024-03-28 00:00:00.000,4867,17,1302822,13582,653664,649158,291508,206306,136952,5953,1190,256
2024-03-27 00:00:00.000,5694,12,1297955,13565,650269,647686,291266,206179,136889,5949,1189,256
2024-03-26 00:00:00.000,13051,30,1292261,13553,645749,646512,291057,206083,136841,5947,1188,256
2024-03-25 00:00:00.000,37169,23,1279210,13523,635582,643628,290530,205808,136647,5939,1187,256
2024-03-24 00:00:00.000,55038,21,1242041,13500,607720,634321,286085,201628,135102,5920,1187,256
2024-03-23 00:00:00.000,23449,67,1187003,13479,557827,629176,285678,201406,134994,5914,1186,256
2024-03-22 00:00:00.000,30605,332,1163554,13412,540126,623428,285174,201079,134741,5906,1186,256
2024-03-21 00:00:00.000,72384,698,1132949,13080,520705,612244,284100,200216,133965,5883,1185,256
2024-03-20 00:00:00.000,13166,528,1060565,12382,458298,602267,282284,198635,132524,5875,1184,256
2024-03-19 00:00:00.000,16958,24,1047399,11854,449580,597819,280748,197370,131403,5859,1183,256
2024-03-18 00:00:00.000,13569,424,1030441,11830,436444,593997,279743,196716,130974,5844,1182,256
2024-03-17 00:00:00.000,12171,14,1016872,11406,430113,586759,278252,195635,130030,5838,1182,256
2024-03-16 00:00:00.000,9719,19,1004701,11392,422027,582674,277604,195314,129911,5833,1182,256
2024-03-15 00:00:00.000,7841,17,994982,11373,415620,579362,277045,195010,129786,5827,1181,256
2024-03-14 00:00:00.000,6164,19,987141,11356,410902,576239,276447,194645,129589,5822,1181,256
2024-03-13 00:00:00.000,6089,25,980977,11337,406718,574259,275990,194395,129439,5818,1179,256
2024-03-12 00:00:00.000,3883,29,974888,11312,402687,572201,275484,194127,129311,5814,1179,256
2024-03-11 00:00:00.000,4752,48,971005,11283,400300,570705,275085,193882,129166,5812,1179,256
2024-03-10 00:00:00.000,4488,14,966253,11235,398616,567637,274611,193572,128947,5809,1179,256
2024-03-09 00:00:00.000,3185,20,961765,11221,397349,564416,273988,193259,128729,5802,1178,256
2024-03-08 00:00:00.000,2373,27,958580,11201,395803,562777,273395,193010,128576,5798,1178,256
2024-03-07 00:00:00.000,2008,115,956207,11174,394780,561427,272866,192747,128409,5794,1177,256
2024-03-06 00:00:00.000,1456,17,954199,11059,393985,560214,272213,192275,128242,5791,1177,256
2024-03-05 00:00:00.000,1221,61,952743,11042,393419,559324,271710,191859,128108,5789,1176,256
2024-03-04 00:00:00.000,952,45,951522,10981,392941,558581,271356,191615,127945,5786,1175,256
2024-03-03 00:00:00.000,886,8,950570,10936,392630,557940,271048,191411,127820,5780,1175,256
2024-03-02 00:00:00.000,1196,43,949684,10928,392265,557419,270788,191246,127741,5778,1175,256
2024-03-01 00:00:00.000,907,16,948488,10885,391814,556674,270418,191030,127649,5775,1174,256
2024-02-29 00:00:00.000,2090,38,947581,10869,391454,556127,270114,190853,127566,5770,1173,256
2024-02-28 00:00:00.000,1659,40,945491,10831,390937,554554,269107,190133,127423,5764,1172,256
2024-02-27 00:00:00.000,1339,7,943832,10791,390530,553302,268540,189711,127160,5753,1169,256
2024-02-26 00:00:00.000,1961,19,942493,10784,390170,552323,268296,189524,127043,5748,1169,256
2024-02-25 00:00:00.000,1060,9,940532,10765,389618,550914,267239,188611,126232,5741,1168,256
2024-02-24 00:00:00.000,979,6,939472,10756,388971,550501,267060,188514,126169,5735,1164,256
2024-02-23 00:00:00.000,980,12,938493,10750,388473,550020,266821,188346,126073,5733,1164,256
2024-02-22 00:00:00.000,1734,18,937513,10738,388085,549428,266481,188171,125952,5732,1164,256
2024-02-21 00:00:00.000,1123,26,935779,10720,387176,548603,266124,187945,125798,5730,1164,256
2024-02-20 00:00:00.000,1272,26,934656,10694,386744,547912,265778,187680,125604,5728,1164,256
2024-02-19 00:00:00.000,1695,33,933384,10668,386517,546867,265194,187312,125416,5727,1164,256
2024-02-18 00:00:00.000,2608,36,931689,10635,386242,545447,264412,187090,125289,5727,1164,256
2024-02-17 00:00:00.000,2634,35,929081,10599,385955,543126,262924,186404,124681,5726,1164,256
2024-02-16 00:00:00.000,1643,24,926447,10564,385469,540978,261656,185925,124294,5726,1164,256
2024-02-15 00:00:00.000,1374,7,924804,10540,384851,539953,261034,185695,124244,5724,1162,256
2024-02-14 00:00:00.000,2470,105,923430,10533,384471,538959,260227,185095,124169,5722,1162,256
2024-02-13 00:00:00.000,2042,11,920960,10428,384139,536821,259958,184876,124094,5719,1162,256
2024-02-12 00:00:00.000,2916,11,918918,10417,383616,535302,259722,184726,124014,5714,1161,256
2024-02-11 00:00:00.000,1928,38,916002,10406,383195,532807,259316,184536,123905,5713,1160,256
2024-02-10 00:00:00.000,1114,185,914074,10368,382907,531167,258889,184369,123794,5711,1159,256
2024-02-09 00:00:00.000,636,90,912960,10183,382619,530341,258522,184063,123676,5707,1158,256
2024-02-08 00:00:00.000,759,16,912324,10093,382435,529889,258283,183873,123589,5704,1157,256
2024-02-07 00:00:00.000,810,18,911565,10077,382157,529408,258100,183730,123490,5697,1154,256
2024-02-06 00:00:00.000,953,9,910755,10059,381940,528815,257794,183500,123295,5694,1153,256
2024-02-05 00:00:00.000,1118,7,909802,10050,381673,528129,257429,183216,123053,5692,1153,256
2024-02-04 00:00:00.000,1711,9,908684,10043,381370,527314,256959,182821,122853,5687,1153,256
2024-02-03 00:00:00.000,1208,17,906973,10034,381065,525908,255967,181887,122391,5683,1153,256
2024-02-02 00:00:00.000,1937,7,905765,10017,380681,525084,255618,181670,122209,5679,1153,256
2024-02-01 00:00:00.000,1477,9,903828,10010,380212,523616,254807,181410,122067,5678,1153,256
2024-01-31 00:00:00.000,1272,13,902351,10001,379913,522438,254401,181254,121967,5675,1152,256
2024-01-30 00:00:00.000,880,12,901079,9988,379609,521470,254079,181139,121888,5671,1151,255
2024-01-29 00:00:00.000,745,15,900199,9976,379230,520969,253895,181045,121838,5668,1150,255
2024-01-28 00:00:00.000,903,19,899454,9961,378877,520577,253750,180956,121781,5659,1148,255
2024-01-27 00:00:00.000,978,15,898551,9942,378527,520024,253558,180822,121691,5638,1148,255
2024-01-26 00:00:00.000,859,14,897573,9927,377976,519597,253408,180724,121634,5636,1148,255
2024-01-25 00:00:00.000,10758,10,896714,9913,377579,519135,253160,180520,121532,5630,1145,255
2024-01-24 00:00:00.000,41903,8,885956,9903,367202,518754,252965,180380,121473,5628,1145,255
2024-01-23 00:00:00.000,59110,11,844053,9895,325672,518381,252850,180308,121432,5624,1145,255
2024-01-22 00:00:00.000,1041,8,784943,9884,280528,504415,252501,180037,121382,5622,1145,255
2024-01-21 00:00:00.000,6005,14,783902,9876,279999,503903,252236,179880,121351,5621,1144,255
2024-01-20 00:00:00.000,970,10,777897,9862,274566,503331,251926,179673,121304,5619,1144,255
2024-01-19 00:00:00.000,764,6,776927,9852,274131,502796,251706,179537,121240,5617,1143,254
2024-01-18 00:00:00.000,558,9,776163,9846,273876,502287,251475,179390,121169,5615,1143,254
2024-01-17 00:00:00.000,549,10,775605,9837,273622,501983,251335,179282,121100,5611,1142,253
2024-01-16 00:00:00.000,511,9,775056,9827,273351,501705,251182,179160,120995,5607,1142,253
2024-01-15 00:00:00.000,611,12,774545,9818,273178,501367,251012,179023,120884,5605,1141,253
2024-01-14 00:00:00.000,816,8,773934,9806,272945,500989,250845,178900,120801,5599,1139,253
2024-01-13 00:00:00.000,499,10,773118,9798,272627,500491,250695,178804,120734,5596,1139,253
2024-01-12 00:00:00.000,554,10,772619,9788,272427,500192,250580,178726,120681,5586,1134,252
2024-01-11 00:00:00.000,805,6,772065,9778,272254,499811,250439,178625,120603,5582,1134,252
2024-01-10 00:00:00.000,810,20,771260,9772,272004,499256,250183,178397,120413,5578,1134,252
2024-01-09 00:00:00.000,555,2,770450,9752,271749,498701,249998,178249,120297,5572,1132,252
2024-01-08 00:00:00.000,610,7,769895,9750,271487,498408,249885,178159,120232,5569,1130,252
2024-01-07 00:00:00.000,529,7,769285,9743,271188,498097,249728,178035,120150,5563,1130,252
2024-01-06 00:00:00.000,513,7,768756,9736,270965,497791,249557,177919,120063,5556,1130,252
2024-01-05 00:00:00.000,616,4,768243,9729,270727,497516,249430,177827,119997,5555,1130,252
2024-01-04 00:00:00.000,589,9,767627,9725,270457,497170,249283,177717,119926,5554,1130,252
2024-01-03 00:00:00.000,612,9,767038,9716,270247,496791,249130,177605,119841,5546,1128,252
2024-01-02 00:00:00.000,645,9,766426,9707,269981,496445,248975,177485,119745,5542,1128,252
2024-01-01 00:00:00.000,561,4,765781,9698,269722,496059,248822,177368,119654,5538,1128,252
2023-12-31 00:00:00.000,4089,16,765220,9694,269512,495708,248647,177248,119566,5534,1128,252
2023-12-30 00:00:00.000,4775,14,761131,9678,268881,492250,248129,176916,119342,5529,1128,252
2023-12-29 00:00:00.000,4212,76,756356,9664,268342,488014,247165,176303,118858,5524,1128,252
2023-12-28 00:00:00.000,4273,79,752144,9588,267896,484248,246247,175702,118439,5517,1125,251
2023-12-27 00:00:00.000,4974,32,747871,9509,267189,480682,245336,175181,118124,5506,1122,251
2023-12-26 00:00:00.000,4953,34,742897,9477,266539,476358,244175,174448,117669,5498,1122,251
2023-12-25 00:00:00.000,5273,38,737944,9443,265688,472256,243038,173686,117170,5490,1118,251
2023-12-24 00:00:00.000,4650,33,732671,9405,265011,467660,242044,173122,116799,5482,1118,251
2023-12-23 00:00:00.000,6143,57,728021,9372,264228,463793,240912,172491,116461,5470,1118,251
2023-12-22 00:00:00.000,4812,36,721878,9315,263384,458494,238961,171642,115930,5444,1105,241
2023-12-21 00:00:00.000,4225,33,717066,9279,262857,454209,237217,170621,115128,5435,1103,241
2023-12-20 00:00:00.000,3022,40,712841,9246,262371,450470,235921,169794,114506,5420,1101,241
2023-12-19 00:00:00.000,1422,23,709819,9206,262007,447812,234957,169244,114174,5405,1099,241
2023-12-18 00:00:00.000,1345,19,708397,9183,261701,446696,234397,168907,113976,5394,1097,241
2023-12-17 00:00:00.000,903,12,707052,9164,261366,445686,233662,168340,113820,5388,1096,240
2023-12-16 00:00:00.000,857,15,706149,9152,261093,445056,233337,168110,113659,5382,1094,240
2023-12-15 00:00:00.000,1123,16,705292,9137,260899,444393,233039,167886,113482,5371,1090,239
2023-12-14 00:00:00.000,591,10,704169,9121,260678,443491,232518,167709,113355,5366,1087,239
2023-12-13 00:00:00.000,929,8,703578,9111,260498,443080,232319,167583,113276,5362,1086,239
2023-12-12 00:00:00.000,1601,11,702649,9103,260201,442448,232030,167365,113129,5359,1085,239
2023-12-11 00:00:00.000,1130,21,701048,9092,259773,441275,231603,167088,112952,5342,1080,238
2023-12-10 00:00:00.000,1339,14,699918,9071,259324,440594,231281,166890,112817,5328,1075,238
2023-12-09 00:00:00.000,807,10,698579,9057,258900,439679,230897,166623,112644,5321,1075,238
2023-12-08 00:00:00.000,581,3,697772,9047,258632,439140,230653,166468,112539,5317,1073,238
2023-12-07 00:00:00.000,335,6,697191,9044,258437,438754,230456,166356,112477,5309,1073,238
2023-12-06 00:00:00.000,603,10,696856,9038,258348,438508,230323,166284,112432,5307,1073,238
2023-12-05 00:00:00.000,415,9,696253,9028,258150,438103,230120,166128,112330,5294,1068,233
2023-12-04 00:00:00.000,362,5,695838,9019,257984,437854,230007,166050,112293,5292,1068,233
2023-12-03 00:00:00.000,1304,5,695476,9014,257809,437667,229915,165978,112240,5291,1068,233
2023-12-02 00:00:00.000,333,3,694172,9009,256827,437345,229748,165917,112195,5289,1068,233
2023-12-01 00:00:00.000,404,29,693839,9006,256742,437097,229572,165786,112080,5288,1068,233
2023-11-30 00:00:00.000,737,31,693435,8977,256570,436865,229441,165675,112000,5288,1068,233
2023-11-29 00:00:00.000,306,3,692698,8946,256447,436251,229235,165534,111919,5286,1067,233
2023-11-28 00:00:00.000,407,7,692392,8943,256325,436067,229155,165484,111895,5277,1059,225
2023-11-27 00:00:00.000,466,2,691985,8936,256220,435765,228920,165292,111743,5270,1052,218
2023-11-26 00:00:00.000,471,7,691519,8934,256030,435489,228723,165121,111604,5263,1046,212
2023-11-25 00:00:00.000,440,2,691048,8927,255822,435226,228552,164963,111462,5261,1045,212
2023-11-24 00:00:00.000,6559,0,690608,8925,255702,434906,228327,164781,111325,5259,1044,212
2023-11-23 00:00:00.000,300,5,684049,8925,249338,434711,228224,164691,111255,5259,1044,212
2023-11-22 00:00:00.000,335,1,683749,8920,249222,434527,228143,164651,111228,5258,1043,212
2023-11-21 00:00:00.000,590,5,683414,8919,249089,434325,228035,164570,111166,5258,1043,212
2023-11-20 00:00:00.000,393,0,682824,8914,248868,433956,227828,164398,111035,5257,1043,212
2023-11-19 00:00:00.000,457,4,682431,8914,248713,433718,227677,164305,110986,5257,1043,212
2023-11-18 00:00:00.000,374,3,681974,8910,248500,433474,227567,164269,110967,5257,1043,212
2023-11-17 00:00:00.000,960,1,681600,8907,248315,433285,227466,164212,110920,5256,1043,212
2023-11-16 00:00:00.000,1627,38,680640,8906,248079,432561,226929,163731,110466,5255,1042,212
2023-11-15 00:00:00.000,928,59,679013,8868,247812,431201,225957,162895,109728,5253,1042,212
2023-11-14 00:00:00.000,570,2,678085,8809,247666,430419,225457,162544,109530,5253,1042,212
2023-11-13 00:00:00.000,405,2,677515,8807,247434,430081,225390,162490,109492,5253,1042,212
2023-11-12 00:00:00.000,783,3,677110,8805,247191,429919,225334,162449,109470,5253,1042,212
2023-11-11 00:00:00.000,997,2,676327,8802,246718,429609,225232,162370,109417,5251,1042,212
2023-11-10 00:00:00.000,533,9,675330,8800,246553,428777,225146,162325,109386,5245,1042,212
2023-11-09 00:00:00.000,997,11,674797,8791,246311,428486,225032,162258,109345,5238,1036,207
2023-11-08 00:00:00.000,1228,5,673800,8780,246095,427705,224742,162157,109287,5237,1035,207
2023-11-07 00:00:00.000,1326,5,672572,8775,245913,426659,224593,162032,109193,5236,1034,207
2023-11-06 00:00:00.000,2472,9,671246,8770,245695,425551,224489,161975,109161,5234,1033,207
2023-11-05 00:00:00.000,4806,16,668774,8761,245319,423455,224228,161884,109105,5233,1033,207
2023-11-04 00:00:00.000,4348,8,663968,8745,244988,418980,223920,161722,109005,5231,1033,207
2023-11-03 00:00:00.000,4150,4,659620,8737,244756,414864,222722,161552,108904,5229,1033,207
2023-11-02 00:00:00.000,1127,6,655470,8733,244438,411032,221149,161391,108801,5227,1033,207
2023-11-01 00:00:00.000,564,8,654343,8727,244183,410160,220792,161221,108721,5227,1033,207
2023-10-31 00:00:00.000,1119,19,653779,8719,244000,409779,220606,161086,108636,5227,1033,207
2023-10-30 00:00:00.000,950,15,652660,8700,243819,408841,220170,160876,108487,5214,1028,207
2023-10-29 00:00:00.000,1658,22,651710,8685,243516,408194,219842,160725,108411,5213,1027,207
2023-10-28 00:00:00.000,1158,9,650052,8663,242486,407566,219478,160431,108192,5207,1027,207
2023-10-27 00:00:00.000,1014,20,648894,8654,242078,406816,219191,160202,108015,5206,1027,207
2023-10-26 00:00:00.000,1219,17,647880,8634,241738,406142,218854,159931,107793,5196,1027,207
2023-10-25 00:00:00.000,1304,19,646661,8617,241335,405326,218596,159750,107683,5190,1027,207
2023-10-24 00:00:00.000,1713,34,645357,8598,240955,404402,218297,159532,107522,5186,1027,207
2023-10-23 00:00:00.000,1210,33,643644,8564,240581,403063,217690,159057,107134,5179,1026,206
2023-10-22 00:00:00.000,1159,20,642434,8531,240165,402269,217465,158915,107050,5177,1026,206
2023-10-21 00:00:00.000,1711,7,641275,8511,239591,401684,217238,158803,106985,5173,1026,206
2023-10-20 00:00:00.000,2113,8,639564,8504,238770,400794,216945,158613,106887,5172,1025,206
2023-10-19 00:00:00.000,6717,73,637451,8496,237970,399481,216387,158208,106639,5168,1025,206
2023-10-18 00:00:00.000,1353,30,630734,8423,234361,396373,215149,157583,106346,5158,1024,206
2023-10-17 00:00:00.000,933,24,629381,8393,233725,395656,214857,157369,106215,5155,1023,205
2023-10-16 00:00:00.000,435,4,628448,8369,233391,395057,214593,157169,106105,5151,1023,205
2023-10-15 00:00:00.000,461,7,628013,8365,233264,394749,214400,157041,106046,5150,1023,205
2023-10-14 00:00:00.000,1371,4,627552,8358,233091,394461,214319,156979,105998,5147,1023,205
2023-10-13 00:00:00.000,787,20,626181,8354,232006,394175,214146,156882,105932,5145,1022,205
2023-10-12 00:00:00.000,662,6,625394,8334,231637,393757,213940,156714,105793,5143,1022,205
2023-10-11 00:00:00.000,744,12,624732,8328,231315,393417,213759,156564,105734,5141,1022,205
2023-10-10 00:00:00.000,678,38,623988,8316,231093,392895,213514,156426,105660,5140,1022,205
2023-10-09 00:00:00.000,787,22,623310,8278,230797,392513,213261,156253,105531,5136,1022,205
2023-10-08 00:00:00.000,435,39,622523,8256,230618,391905,212786,155817,105263,5128,1022,205
2023-10-07 00:00:00.000,688,54,622088,8217,230497,391591,212607,155673,105154,5122,1021,204
2023-10-06 00:00:00.000,685,72,621400,8163,230275,391125,212293,155417,104935,5120,1021,204
2023-10-05 00:00:00.000,437,25,620715,8091,230155,390560,211898,155078,104650,5115,1021,204
2023-10-04 00:00:00.000,542,53,620278,8066,230031,390247,211744,154971,104590,5110,1021,204
2023-10-03 00:00:00.000,497,16,619736,8013,229905,389831,211503,154756,104429,5105,1020,204
2023-10-02 00:00:00.000,621,46,619239,7997,229765,389474,211326,154646,104377,5104,1020,204
2023-10-01 00:00:00.000,695,9,618618,7951,229664,388954,211020,154431,104195,5101,1017,202
2023-09-30 00:00:00.000,2828,51,617923,7942,229566,388357,210576,154033,103818,5094,1016,202
2023-09-29 00:00:00.000,1549,7,615095,7891,229193,385902,208644,152454,102493,5082,1015,201
2023-09-28 00:00:00.000,1757,20,613546,7884,228935,384611,207558,151482,101577,5062,1015,201
2023-09-27 00:00:00.000,1854,34,611789,7864,228708,383081,206335,150307,100440,5033,1014,201
2023-09-26 00:00:00.000,1763,38,609935,7830,228395,381540,205053,149088,99265,5006,1011,200
2023-09-25 00:00:00.000,1052,25,608172,7792,228067,380105,203994,148088,98318,5002,1011,200
2023-09-24 00:00:00.000,693,8,607120,7767,227768,379352,203469,147660,98035,4998,1011,200
2023-09-23 00:00:00.000,707,6,606427,7759,227539,378888,203159,147512,97958,4996,1011,200
2023-09-22 00:00:00.000,812,7,605720,7753,227359,378361,202856,147328,97876,4995,1011,200
2023-09-21 00:00:00.000,1017,5,604908,7746,227155,377753,202648,147176,97822,4992,1010,200
2023-09-20 00:00:00.000,1026,5,603891,7741,226924,376967,202330,146963,97736,4985,1010,200
2023-09-19 00:00:00.000,1953,5,602865,7736,226599,376266,201960,146725,97600,4985,1010,200
2023-09-18 00:00:00.000,2855,13,600912,7731,226155,374757,200839,146175,97186,4983,1010,200
2023-09-17 00:00:00.000,1816,9,598057,7718,225506,372551,199785,145715,97012,4980,1010,200
2023-09-16 00:00:00.000,2419,18,596241,7709,225190,371051,198635,145191,96850,4971,1009,200
2023-09-15 00:00:00.000,3575,19,593822,7691,224757,369065,196984,144300,96507,4968,1009,200
2023-09-14 00:00:00.000,4306,18,590247,7672,224266,365981,194420,143013,95980,4951,1009,200
2023-09-13 00:00:00.000,3643,25,585941,7654,223694,362247,191208,140871,94489,4935,1008,200
2023-09-12 00:00:00.000,1542,85,582298,7629,223130,359168,188773,139925,94281,4924,1008,200
2023-09-11 00:00:00.000,1493,11,580756,7544,222768,357988,188070,139435,93968,4921,1008,200
2023-09-10 00:00:00.000,1697,64,579263,7533,222465,356798,187379,138928,93699,4920,1007,200
2023-09-09 00:00:00.000,2130,92,577566,7469,222220,355346,186512,138271,93189,4918,1006,200
2023-09-08 00:00:00.000,1652,103,575436,7377,221895,353541,185379,137343,92477,4915,1004,200
2023-09-07 00:00:00.000,1710,34,573784,7274,221646,352138,184493,136584,91845,4900,1003,200
2023-09-06 00:00:00.000,2079,49,572074,7240,221285,350789,183640,135924,91355,4885,1002,200
2023-09-05 00:00:00.000,2341,80,569995,7191,221027,348968,182584,135150,90766,4882,1002,200
2023-09-04 00:00:00.000,2379,66,567654,7111,220706,346948,181591,134474,90210,4881,1002,200
2023-09-03 00:00:00.000,1767,89,565275,7045,220257,345018,180538,133751,89641,4878,1001,199
2023-09-02 00:00:00.000,2056,131,563508,6956,220049,343459,179740,133247,89254,4875,1001,199
2023-09-01 00:00:00.000,1939,188,561452,6825,219822,341630,178628,132442,88743,4838,1000,199
2023-08-31 00:00:00.000,3883,426,559513,6637,219562,339951,177501,131560,88095,4688,984,199
2023-08-30 00:00:00.000,2889,232,555630,6211,219083,336547,174994,129741,86714,4406,935,199
2023-08-29 00:00:00.000,3521,70,552741,5979,218687,334054,173423,128610,85767,4258,903,199
2023-08-28 00:00:00.000,2283,88,549220,5909,218227,330993,171429,127289,84863,4255,903,199
2023-08-27 00:00:00.000,2978,62,546937,5821,217952,328985,169979,126261,84071,4251,901,198
2023-08-26 00:00:00.000,2026,173,543959,5759,217457,326502,167940,124892,83265,4248,901,198
2023-08-25 00:00:00.000,2111,69,541933,5586,217028,324905,166786,123981,82661,4128,784,81
2023-08-24 00:00:00.000,2119,23,539822,5517,216507,323315,165534,122915,81945,4121,784,81
2023-08-23 00:00:00.000,2386,28,537703,5494,216003,321700,164454,122051,81305,4120,784,81
2023-08-22 00:00:00.000,2607,116,535317,5466,215544,319773,163027,120851,80488,4117,783,81
2023-08-21 00:00:00.000,3095,66,532710,5350,214801,317909,161673,119768,79766,4109,779,80
2023-08-20 00:00:00.000,2262,31,529615,5284,214297,315318,159624,118087,78456,4107,779,80
2023-08-19 00:00:00.000,2561,11,527353,5253,213850,313503,158269,117036,77667,4100,779,80
2023-08-18 00:00:00.000,2145,10,524792,5242,213387,311405,156728,115737,76590,4081,779,80
2023-08-17 00:00:00.000,2628,48,522647,5232,212915,309732,155509,114742,75800,4075,778,80
2023-08-16 00:00:00.000,2730,127,520019,5184,212253,307766,154228,113708,75000,4059,778,80
2023-08-15 00:00:00.000,2575,31,517289,5057,211777,305512,152682,112449,73993,4055,777,80
2023-08-14 00:00:00.000,3038,44,514714,5026,211215,303499,151446,111453,73380,4046,775,80
2023-08-13 00:00:00.000,3108,94,511676,4982,210425,301251,150039,110338,72770,4043,773,80
2023-08-12 00:00:00.000,4435,95,508568,4888,209757,298811,148611,109221,72124,4036,771,79
2023-08-11 00:00:00.000,4015,125,504133,4793,209238,294895,145694,106773,70049,4030,769,79
2023-08-10 00:00:00.000,5333,120,500118,4668,208561,291557,143502,104895,68621,4026,769,79
2023-08-09 00:00:00.000,5750,61,494785,4548,207912,286873,139667,101440,66127,3969,766,79
2023-08-08 00:00:00.000,3969,128,489035,4487,207210,281825,136019,98417,63939,3810,739,79
2023-08-07 00:00:00.000,5575,177,485066,4359,206530,278536,133561,96288,62428,3776,721,79
2023-08-06 00:00:00.000,4423,227,479491,4182,205834,273657,129687,92680,59182,3757,713,79
2023-08-05 00:00:00.000,2677,51,475068,3955,205275,269793,126904,90181,57138,3749,711,79
2023-08-04 00:00:00.000,2499,30,472391,3904,204865,267526,125345,88898,56109,3733,709,78
2023-08-03 00:00:00.000,2694,33,469892,3874,204383,265509,123944,87714,55146,3688,692,78
2023-08-02 00:00:00.000,2232,41,467198,3841,203824,263374,122436,86431,54262,3628,679,78
2023-08-01 00:00:00.000,2986,87,464966,3800,203253,261713,121340,85522,53649,3596,679,78
2023-07-31 00:00:00.000,4870,345,461980,3713,202609,259371,119750,84282,52680,3385,670,78
2023-07-30 00:00:00.000,3536,364,457110,3368,201875,255235,116778,81628,50478,2634,631,78
2023-07-29 00:00:00.000,2511,150,453574,3004,201213,252361,114621,79710,48798,2121,594,78
2023-07-28 00:00:00.000,2946,182,451063,2854,200732,250331,113178,78611,48103,1982,582,76
2023-07-27 00:00:00.000,3419,309,448117,2672,200193,247924,111443,77296,47066,1894,540,76
2023-07-26 00:00:00.000,3300,115,444698,2363,199505,245193,109791,76063,46119,1859,510,76
2023-07-25 00:00:00.000,2724,58,441398,2248,198729,242669,108266,74920,45399,1805,507,75
2023-07-24 00:00:00.000,2568,33,438674,2190,198017,240657,107074,73942,44729,1751,507,75
2023-07-23 00:00:00.000,3309,30,436106,2157,197140,238966,106120,73236,44187,1749,507,75
2023-07-22 00:00:00.000,2749,19,432797,2127,196427,236370,104451,72331,43606,1704,469,75
2023-07-21 00:00:00.000,2076,14,430048,2108,195965,234083,102894,71046,42748,1696,462,75
2023-07-20 00:00:00.000,2408,7,427972,2094,195273,232699,102036,70390,42335,1694,462,75
2023-07-19 00:00:00.000,3040,11,425564,2087,194597,230967,100971,69610,41808,1686,461,75
2023-07-18 00:00:00.000,2435,7,422524,2076,193722,228802,99470,68404,41016,1670,461,75
2023-07-17 00:00:00.000,2186,9,420089,2069,192930,227159,98434,67621,40468,1667,461,75
2023-07-16 00:00:00.000,2255,10,417903,2060,192196,225707,97563,66935,40031,1665,460,75
2023-07-15 00:00:00.000,1795,7,415648,2050,191377,224271,96838,66442,39737,1661,460,75
2023-07-14 00:00:00.000,1810,6,413853,2043,190799,223054,96192,66031,39503,1656,459,75
2023-07-13 00:00:00.000,2019,7,412043,2037,190130,221913,95588,65609,39234,1654,459,75
2023-07-12 00:00:00.000,2386,10,410024,2030,189438,220586,94790,65045,38845,1651,459,75
2023-07-11 00:00:00.000,2693,21,407638,2020,188579,219059,93855,64338,38477,1648,458,75
2023-07-10 00:00:00.000,2599,17,404945,1999,187856,217089,92626,63439,38064,1645,458,75
2023-07-09 00:00:00.000,2837,10,402346,1982,186944,215402,91639,62696,37665,1641,457,75
2023-07-08 00:00:00.000,2313,18,399509,1972,186189,213320,90404,61996,37295,1635,456,75
2023-07-07 00:00:00.000,1872,7,397196,1954,185550,211646,89408,61350,36949,1630,456,75
2023-07-06 00:00:00.000,2100,18,395324,1947,184851,210473,88642,60743,36605,1622,454,75
2023-07-05 00:00:00.000,2103,21,393224,1929,184187,209037,87674,60023,36223,1615,452,74
2023-07-04 00:00:00.000,2314,11,391121,1908,183533,207588,86702,59396,35809,1605,451,74
2023-07-03 00:00:00.000,2199,22,388807,1897,182853,205954,85568,58454,35378,1596,449,74
2023-07-02 00:00:00.000,1791,2,386608,1875,182137,204471,84525,57655,34975,1590,449,74
2023-07-01 00:00:00.000,2159,10,384817,1873,181494,203323,83793,57067,34582,1586,448,74
2023-06-30 00:00:00.000,2585,15,382658,1863,180709,201949,82889,56399,34222,1578,445,74
2023-06-29 00:00:00.000,1969,11,380073,1848,180067,200006,81579,55321,33418,1573,444,74
2023-06-28 00:00:00.000,2090,9,378104,1837,179281,198823,80913,54780,33031,1569,444,74
2023-06-27 00:00:00.000,1738,13,376014,1828,178354,197660,80242,54284,32689,1563,442,73
2023-06-26 00:00:00.000,1686,9,374276,1815,177605,196671,79644,53829,32404,1548,439,73
2023-06-25 00:00:00.000,2955,11,372590,1806,176855,195735,79154,53493,32200,1543,438,73
2023-06-24 00:00:00.000,1535,7,369635,1795,174788,194847,78666,53184,32010,1538,438,73
2023-06-23 00:00:00.000,2343,102,368100,1788,173940,194160,78295,52923,31881,1537,438,73
2023-06-22 00:00:00.000,2094,7,365757,1686,172688,193069,77671,52468,31571,1479,438,73
2023-06-21 00:00:00.000,2059,4,363663,1679,171542,192121,77117,52065,31308,1475,436,73
2023-06-20 00:00:00.000,1587,7,361604,1675,170449,191155,76656,51781,31122,1467,435,72
2023-06-19 00:00:00.000,2347,6,360017,1668,169672,190345,76197,51467,30908,1436,408,72
2023-06-18 00:00:00.000,1998,6,357670,1662,168296,189374,75647,51122,30709,1424,400,72
2023-06-17 00:00:00.000,2236,7,355672,1656,167332,188340,75100,50687,30428,1420,399,71
2023-06-16 00:00:00.000,2053,4,353436,1649,166224,187212,74650,50363,30205,1418,399,71
2023-06-15 00:00:00.000,2409,15,351383,1645,165035,186348,74187,50028,29959,1418,399,71
2023-06-14 00:00:00.000,2331,21,348974,1630,163668,185306,73444,49669,29707,1415,399,71
2023-06-13 00:00:00.000,2026,14,346643,1609,162537,184106,72638,49292,29473,1412,399,71
2023-06-12 00:00:00.000,2662,20,344617,1595,161666,182951,71905,48941,29280,1408,399,71
2023-06-11 00:00:00.000,2638,14,341955,1575,160338,181617,71135,48528,29098,1404,399,71
2023-06-10 00:00:00.000,1956,10,339317,1561,159332,179985,70165,47930,28669,1399,399,71
2023-06-09 00:00:00.000,2799,2,337361,1551,158425,178936,69548,47477,28368,1393,396,71
2023-06-08 00:00:00.000,3030,5,334562,1549,156774,177788,68934,47086,28140,1377,386,71
2023-06-07 00:00:00.000,3107,12,331532,1544,154997,176535,68349,46707,27931,1372,383,71
2023-06-06 00:00:00.000,2340,7,328425,1532,153316,175109,67606,46179,27658,1366,383,71
2023-06-05 00:00:00.000,2093,3,326085,1525,152053,174032,67075,45831,27500,1363,382,71
2023-06-04 00:00:00.000,2128,10,323992,1522,150961,173031,66568,45498,27366,1362,382,71
2023-06-03 00:00:00.000,1911,11,321864,1512,150068,171796,65921,45025,27116,1361,382,71
2023-06-02 00:00:00.000,2122,11,319953,1501,149216,170737,65429,44655,26894,1358,382,71
2023-06-01 00:00:00.000,2133,14,317831,1490,148189,169642,64824,44217,26640,1358,382,71
2023-05-31 00:00:00.000,2243,10,315698,1476,147143,168555,64238,43835,26417,1354,382,71
2023-05-30 00:00:00.000,2069,5,313455,1466,146109,167346,63571,43336,26182,1352,381,70
2023-05-29 00:00:00.000,2606,9,311386,1461,145102,166284,62985,42915,25969,1349,380,70
2023-05-28 00:00:00.000,2637,9,308780,1452,143853,164927,62292,42464,25716,1340,379,69
2023-05-27 00:00:00.000,3878,14,306143,1443,142353,163790,61832,42150,25550,1335,378,69
2023-05-26 00:00:00.000,3274,17,302265,1429,139734,162531,61200,41712,25265,1334,378,69
2023-05-25 00:00:00.000,2770,20,298991,1412,137779,161212,60524,41254,24986,1331,378,69
2023-05-24 00:00:00.000,2603,2,296221,1392,136411,159810,59801,40789,24695,1330,378,69
2023-05-23 00:00:00.000,2401,11,293618,1390,135158,158460,59012,40172,24314,1325,378,69
2023-05-22 00:00:00.000,1832,1,291217,1379,134028,157189,58298,39622,23967,1319,377,69
2023-05-21 00:00:00.000,1315,5,289385,1378,133016,156369,58005,39433,23875,1319,377,69
2023-05-20 00:00:00.000,2043,4,288070,1373,132259,155811,57727,39230,23726,1319,377,69
2023-05-19 00:00:00.000,1460,15,286027,1369,131063,154964,57350,38963,23562,1318,377,69
2023-05-18 00:00:00.000,1823,20,284567,1354,130348,154219,57031,38713,23399,1313,377,69
2023-05-17 00:00:00.000,1759,10,282744,1334,129315,153429,56698,38472,23242,1310,377,69
2023-05-16 00:00:00.000,1512,16,280985,1324,128296,152689,56395,38231,23070,1299,377,69
2023-05-15 00:00:00.000,1521,10,279473,1308,127531,151942,56044,37980,22897,1288,377,69
2023-05-14 00:00:00.000,1440,8,277952,1298,126735,151217,55747,37748,22755,1283,376,69
2023-05-13 00:00:00.000,1530,6,276512,1290,126054,150458,55417,37494,22599,1277,376,69
2023-05-12 00:00:00.000,1411,5,274982,1284,125289,149693,55078,37273,22483,1274,375,69
2023-05-11 00:00:00.000,1219,10,273571,1279,124526,149045,54820,37079,22355,1268,375,69
2023-05-10 00:00:00.000,1426,7,272352,1269,123941,148411,54471,36794,22231,1267,375,69
2023-05-09 00:00:00.000,1288,17,270926,1262,123168,147758,54158,36527,22119,1258,374,69
2023-05-08 00:00:00.000,1211,10,269638,1245,122487,147151,53883,36318,22012,1257,373,69
2023-05-07 00:00:00.000,1515,1,268427,1235,121828,146599,53612,36110,21875,1252,373,69
2023-05-06 00:00:00.000,2142,13,266912,1234,120844,146068,53330,35922,21800,1243,364,69
2023-05-05 00:00:00.000,1569,7,264770,1221,119260,145510,53172,35823,21745,1240,364,69
2023-05-04 00:00:00.000,1581,16,263201,1214,118162,145039,52959,35668,21687,1237,364,69
2023-05-03 00:00:00.000,1266,3,261620,1198,117310,144310,52618,35403,21559,1216,362,68
2023-05-02 00:00:00.000,1305,1,260354,1195,116563,143791,52387,35245,21485,1213,362,68
2023-05-01 00:00:00.000,1349,6,259049,1194,115766,143283,52178,35096,21408,1211,362,68
2023-04-30 00:00:00.000,1690,5,257700,1188,115036,142664,51905,34900,21345,1208,360,67
2023-04-29 00:00:00.000,2389,5,256010,1183,114041,141969,51626,34706,21231,1204,360,67
2023-04-28 00:00:00.000,2934,3,253621,1178,112373,141248,51345,34536,21156,1203,360,67
2023-04-27 00:00:00.000,2142,4,250687,1175,110558,140129,51032,34326,21060,1198,359,67
2023-04-26 00:00:00.000,2132,6,248545,1171,109332,139213,50717,34103,20919,1198,359,67
2023-04-25 00:00:00.000,2128,4,246413,1165,108211,138202,50319,33794,20722,1190,354,66
2023-04-24 00:00:00.000,1903,1,244285,1161,107003,137282,49947,33546,20558,1180,353,66
2023-04-23 00:00:00.000,2071,9,242382,1160,105826,136556,49707,33375,20491,1178,353,66
2023-04-22 00:00:00.000,1613,3,240311,1151,104685,135626,49358,33132,20388,1177,353,66
2023-04-21 00:00:00.000,1838,10,238698,1148,103835,134863,49058,32911,20251,1174,352,66
2023-04-20 00:00:00.000,1723,10,236860,1138,103012,133848,48705,32696,20134,1172,351,66
2023-04-19 00:00:00.000,1820,29,235137,1128,102076,133061,48365,32511,20026,1167,350,66
2023-04-18 00:00:00.000,2554,7,233317,1099,101066,132251,48023,32305,19886,1142,329,66
2023-04-17 00:00:00.000,2912,6,230763,1092,99629,131134,47695,32082,19749,1141,329,66
2023-04-16 00:00:00.000,2260,7,227851,1086,98463,129388,47300,31822,19620,1135,328,66
2023-04-15 00:00:00.000,3756,8,225591,1079,97190,128401,46926,31555,19480,1129,327,66
2023-04-14 00:00:00.000,3673,57,221835,1071,95771,126064,46494,31275,19379,1129,327,66
2023-04-13 00:00:00.000,3768,17,218162,1014,94074,124088,46022,30952,19197,1095,294,66
2023-04-12 00:00:00.000,2779,25,214394,997,92603,121791,45507,30603,19056,1083,292,64
2023-04-11 00:00:00.000,2462,12,211615,972,91071,120544,45066,30312,18881,1078,290,64
2023-04-10 00:00:00.000,2421,16,209153,960,89883,119270,44719,30095,18760,1076,288,62
2023-04-09 00:00:00.000,2859,6,206732,944,88621,118111,44360,29870,18617,1067,285,60
2023-04-08 00:00:00.000,2602,14,203873,938,86977,116896,43982,29661,18505,1064,285,60
2023-04-07 00:00:00.000,2570,8,201271,924,85670,115601,43544,29393,18369,1057,283,60
2023-04-06 00:00:00.000,2810,7,198701,916,84358,114343,43186,29146,18236,1051,281,59
2023-04-05 00:00:00.000,2606,11,195891,909,83105,112786,42671,28819,18045,1042,280,59
2023-04-04 00:00:00.000,2000,9,193285,898,82000,111285,42182,28488,17886,1033,278,58
2023-04-03 00:00:00.000,1753,11,191285,889,81094,110191,41846,28259,17756,1028,277,57
2023-04-02 00:00:00.000,1690,5,189532,878,80270,109262,41512,28027,17615,1024,276,57
2023-04-01 00:00:00.000,1678,6,187842,873,79527,108315,41252,27844,17505,1019,275,57
2023-03-31 00:00:00.000,1663,5,186164,867,78842,107322,40897,27614,17383,1011,273,57
2023-03-30 00:00:00.000,1471,7,184501,862,77924,106577,40609,27395,17248,1008,273,57
2023-03-29 00:00:00.000,1255,5,183030,855,77273,105757,40326,27219,17129,1004,273,57
2023-03-28 00:00:00.000,1276,4,181775,850,76754,105021,40118,27088,17053,1003,273,57
2023-03-27 00:00:00.000,684,5,180499,846,76264,104235,39849,26890,16945,997,272,57
2023-03-26 00:00:00.000,1162,8,179815,841,75966,103849,39690,26781,16898,995,271,56
2023-03-25 00:00:00.000,1131,6,178653,833,75446,103207,39452,26604,16786,993,271,56
2023-03-24 00:00:00.000,869,2,177522,827,74976,102546,39181,26398,16635,991,271,56
2023-03-23 00:00:00.000,610,3,176653,825,74585,102068,39039,26315,16585,989,271,56
2023-03-22 00:00:00.000,856,2,176043,822,74353,101690,38923,26238,16522,985,271,56
2023-03-21 00:00:00.000,829,8,175187,820,74054,101133,38752,26153,16460,984,271,56
2023-03-20 00:00:00.000,518,5,174358,812,73684,100674,38587,26040,16389,983,270,56
2023-03-19 00:00:00.000,462,1,173840,807,73481,100359,38491,25973,16345,982,269,56
2023-03-18 00:00:00.000,412,2,173378,806,73282,100096,38381,25887,16292,982,269,56
2023-03-17 00:00:00.000,276,1,172966,804,73130,99836,38250,25798,16232,980,268,56
2023-03-16 00:00:00.000,257,2,172690,803,73034,99656,38170,25744,16193,979,268,56
2023-03-15 00:00:00.000,178,5,172433,801,72935,99498,38091,25682,16140,977,267,56
2023-03-14 00:00:00.000,224,3,172255,796,72883,99372,38045,25653,16119,974,267,56
2023-03-13 00:00:00.000,246,2,172031,793,72790,99241,37987,25613,16090,971,266,56
2023-03-12 00:00:00.000,143,0,171785,791,72664,99121,37952,25586,16070,968,265,56
2023-03-11 00:00:00.000,228,3,171642,791,72617,99025,37911,25562,16052,967,265,56
2023-03-10 00:00:00.000,205,2,171414,788,72521,98893,37841,25516,16022,966,265,56
2023-03-09 00:00:00.000,305,1,171209,786,72439,98770,37788,25477,15992,964,263,55
2023-03-08 00:00:00.000,228,2,170904,785,72335,98569,37677,25399,15938,962,263,55
2023-03-07 00:00:00.000,177,1,170676,783,72247,98429,37616,25358,15907,961,263,55
2023-03-06 00:00:00.000,180,2,170499,782,72171,98328,37582,25332,15888,960,262,55
2023-03-05 00:00:00.000,289,1,170319,780,72133,98186,37529,25298,15863,957,261,55
2023-03-04 00:00:00.000,248,1,170030,779,71998,98032,37465,25249,15833,956,260,55
2023-03-03 00:00:00.000,294,1,169782,778,71911,97871,37420,25218,15814,951,259,54
2023-03-02 00:00:00.000,295,21,169488,777,71799,97689,37343,25155,15765,947,258,54
2023-03-01 00:00:00.000,204,4,169193,756,71674,97519,37279,25113,15730,944,256,54
2023-02-28 00:00:00.000,239,0,168989,752,71581,97408,37234,25083,15708,943,256,54
2023-02-27 00:00:00.000,226,4,168750,752,71466,97284,37184,25050,15688,940,255,54
2023-02-26 00:00:00.000,196,3,168524,748,71361,97163,37131,25011,15664,937,252,53
2023-02-25 00:00:00.000,196,4,168328,745,71272,97056,37080,24974,15640,932,248,53
2023-02-24 00:00:00.000,229,2,168132,741,71228,96904,37016,24921,15598,914,230,42
2023-02-23 00:00:00.000,1040,3,167903,739,71159,96744,36941,24879,15567,912,229,42
2023-02-22 00:00:00.000,1016,6,166863,736,70421,96442,36822,24795,15515,908,226,42
2023-02-21 00:00:00.000,986,3,165847,730,69775,96072,36714,24712,15459,903,225,42
2023-02-20 00:00:00.000,999,5,164861,727,69035,95826,36628,24651,15417,903,225,42
2023-02-19 00:00:00.000,774,3,163862,722,68340,95522,36521,24589,15374,900,224,42
2023-02-18 00:00:00.000,852,2,163088,719,67798,95290,36446,24533,15338,898,223,42
2023-02-17 00:00:00.000,893,3,162236,717,67186,95050,36386,24492,15315,896,221,42
2023-02-16 00:00:00.000,1214,2,161343,714,66489,94854,36323,24448,15281,895,221,42
2023-02-15 00:00:00.000,1031,7,160129,712,65504,94625,36239,24390,15239,894,221,42
2023-02-14 00:00:00.000,494,4,159098,705,64784,94314,36121,24323,15197,890,219,42
2023-02-13 00:00:00.000,429,0,158604,701,64647,93957,36019,24242,15146,883,218,42
2023-02-12 00:00:00.000,308,0,158175,701,64450,93725,35918,24158,15092,880,218,42
2023-02-11 00:00:00.000,584,4,157867,701,64355,93512,35821,24105,15069,880,218,42
2023-02-10 00:00:00.000,428,3,157283,697,64152,93131,35700,24022,15014,873,218,42
2023-02-09 00:00:00.000,3710,14,156855,694,63978,92877,35609,23959,14971,869,217,41
2023-02-08 00:00:00.000,686,9,153145,680,62537,90608,34890,23504,14696,854,213,39
2023-02-07 00:00:00.000,407,2,152459,671,62337,90122,34700,23381,14620,847,209,38
2023-02-06 00:00:00.000,485,2,152052,669,62175,89877,34608,23325,14589,846,208,38
2023-02-05 00:00:00.000,482,1,151567,667,61982,89585,34447,23248,14547,842,207,38
2023-02-04 00:00:00.000,547,1,151085,666,61818,89267,34265,23156,14496,839,206,38
2023-02-03 00:00:00.000,520,2,150538,665,61552,88986,34134,23077,14452,836,205,37
2023-02-02 00:00:00.000,463,1,150018,663,61379,88639,33973,22954,14370,834,204,37
2023-02-01 00:00:00.000,363,3,149555,662,61178,88377,33832,22842,14290,831,204,37
2023-01-31 00:00:00.000,392,4,149192,659,61041,88151,33709,22737,14212,830,204,37
2023-01-30 00:00:00.000,751,6,148800,655,60872,87928,33598,22655,14151,826,202,36
2023-01-29 00:00:00.000,524,2,148049,649,60540,87509,33420,22520,14041,821,201,35
2023-01-28 00:00:00.000,550,5,147525,647,60314,87211,33281,22436,13991,819,199,35
2023-01-27 00:00:00.000,788,3,146975,642,60121,86854,33153,22350,13931,815,198,34
2023-01-26 00:00:00.000,895,6,146187,639,59766,86421,32993,22232,13858,814,198,34
2023-01-25 00:00:00.000,923,3,145292,633,59398,85894,32782,22069,13743,804,193,32
2023-01-24 00:00:00.000,301,2,144369,630,59122,85247,32483,21929,13670,798,191,32
2023-01-23 00:00:00.000,359,0,144068,628,59017,85051,32403,21872,13629,796,190,32
2023-01-22 00:00:00.000,519,2,143709,628,58884,84825,32324,21815,13590,792,188,32
2023-01-21 00:00:00.000,739,9,143190,626,58682,84508,32200,21729,13525,789,187,32
2023-01-20 00:00:00.000,316,1,142451,617,58434,84017,32009,21588,13429,781,182,31
2023-01-19 00:00:00.000,237,2,142135,616,58333,83802,31924,21537,13397,776,179,31
2023-01-18 00:00:00.000,261,3,141898,614,58252,83646,31854,21487,13359,770,178,31
2023-01-17 00:00:00.000,358,1,141637,611,58148,83489,31794,21446,13328,764,177,31
2023-01-16 00:00:00.000,295,3,141279,610,57939,83340,31744,21416,13308,763,176,30
2023-01-15 00:00:00.000,365,4,140984,607,57801,83183,31673,21368,13271,760,175,30
2023-01-14 00:00:00.000,608,2,140619,603,57640,82979,31571,21287,13216,754,174,30
2023-01-13 00:00:00.000,838,5,140011,601,57429,82582,31457,21200,13155,751,174,30
2023-01-12 00:00:00.000,540,4,139173,596,56964,82209,31308,21102,13094,745,172,30
2023-01-11 00:00:00.000,283,2,138633,592,56654,81979,31180,21010,13042,742,171,29
2023-01-10 00:00:00.000,406,0,138350,590,56566,81784,31084,20957,13002,740,171,29
2023-01-09 00:00:00.000,354,8,137944,590,56418,81526,30983,20874,12931,739,171,29
2023-01-08 00:00:00.000,243,0,137590,582,56304,81286,30869,20796,12881,735,170,29
2023-01-07 00:00:00.000,206,0,137347,582,56206,81141,30801,20750,12853,733,169,29
2023-01-06 00:00:00.000,237,0,137141,582,56143,80998,30745,20716,12831,730,169,29
2023-01-05 00:00:00.000,199,0,136904,582,56006,80898,30705,20685,12810,729,169,29
2023-01-04 00:00:00.000,309,0,136705,582,55916,80789,30653,20652,12787,723,168,29
2023-01-03 00:00:00.000,240,0,136396,582,55778,80618,30569,20607,12758,721,168,29
2023-01-02 00:00:00.000,276,0,136156,582,55663,80493,30504,20561,12730,719,166,29
2023-01-01 00:00:00.000,137,0,135880,582,55489,80391,30462,20531,12707,718,166,29
2022-12-31 00:00:00.000,198,2,135743,582,55434,80309,30420,20503,12694,718,166,29
2022-12-30 00:00:00.000,255,0,135545,580,55323,80222,30374,20464,12669,716,165,29
2022-12-29 00:00:00.000,244,3,135290,580,55175,80115,30321,20429,12641,716,165,29
2022-12-28 00:00:00.000,242,3,135046,577,55079,79967,30237,20368,12605,714,165,29
2022-12-27 00:00:00.000,211,2,134804,574,54970,79834,30179,20325,12573,710,163,29
2022-12-26 00:00:00.000,259,3,134593,572,54882,79711,30116,20284,12547,706,163,29
2022-12-25 00:00:00.000,252,1,134334,569,54786,79548,30061,20248,12523,703,161,29
2022-12-24 00:00:00.000,187,0,134082,568,54699,79383,29984,20204,12508,702,161,29
2022-12-23 00:00:00.000,180,3,133895,568,54634,79261,29919,20158,12481,696,161,29
2022-12-22 00:00:00.000,261,0,133715,565,54575,79140,29871,20122,12456,694,161,29
2022-12-21 00:00:00.000,240,7,133454,565,54507,78947,29813,20074,12421,692,160,29
2022-12-20 00:00:00.000,290,6,133214,558,54453,78761,29739,20023,12390,685,155,27
2022-12-19 00:00:00.000,231,3,132924,552,54375,78549,29632,19948,12334,680,154,26
2022-12-18 00:00:00.000,259,4,132693,549,54298,78395,29578,19911,12312,675,154,26
2022-12-17 00:00:00.000,269,7,132434,545,54244,78190,29492,19842,12258,668,150,25
2022-12-16 00:00:00.000,462,4,132165,538,54158,78007,29395,19762,12195,659,146,24
2022-12-15 00:00:00.000,295,3,131703,534,53978,77725,29231,19637,12114,642,143,23
2022-12-14 00:00:00.000,496,7,131408,531,53860,77548,29171,19595,12085,640,143,23
2022-12-13 00:00:00.000,442,4,130912,524,53637,77275,29039,19484,12010,639,143,23
2022-12-12 00:00:00.000,504,2,130470,520,53439,77031,28914,19394,11950,626,143,23
2022-12-11 00:00:00.000,487,2,129966,518,53210,76756,28794,19303,11901,613,143,23
2022-12-10 00:00:00.000,538,0,129479,516,52988,76491,28694,19227,11861,613,143,23
2022-12-09 00:00:00.000,470,3,128941,516,52801,76140,28573,19145,11814,610,143,23
2022-12-08 00:00:00.000,505,5,128471,513,52593,75878,28444,19048,11770,608,143,23
2022-12-07 00:00:00.000,478,3,127966,508,52381,75585,28327,18968,11724,605,143,23
2022-12-06 00:00:00.000,632,2,127488,505,52146,75342,28213,18896,11678,603,143,23
2022-12-05 00:00:00.000,779,2,126856,503,51830,75026,28118,18820,11627,603,143,23
2022-12-04 00:00:00.000,485,3,126077,501,51423,74654,27957,18716,11564,600,142,23
2022-12-03 00:00:00.000,528,6,125592,498,51197,74395,27849,18646,11527,597,142,23
2022-12-02 00:00:00.000,828,0,125064,492,50996,74068,27706,18556,11473,595,142,23
2022-12-01 00:00:00.000,645,0,124236,492,50595,73641,27544,18468,11411,588,141,22
2022-11-30 00:00:00.000,671,2,123591,492,50218,73373,27448,18400,11375,584,140,21
2022-11-29 00:00:00.000,1034,4,122920,490,49778,73142,27331,18318,11322,581,140,21
2022-11-28 00:00:00.000,805,4,121886,486,49271,72615,27211,18239,11268,578,139,20
2022-11-27 00:00:00.000,749,2,121081,482,49005,72076,27075,18148,11217,574,139,20
2022-11-26 00:00:00.000,1061,3,120332,480,48709,71623,26943,18058,11159,571,139,20
2022-11-25 00:00:00.000,916,3,119271,477,48364,70907,26748,17935,11081,566,137,20
2022-11-24 00:00:00.000,770,1,118355,474,47912,70443,26576,17825,11003,562,137,20
2022-11-23 00:00:00.000,629,3,117585,473,47429,70156,26451,17746,10952,560,137,20
2022-11-22 00:00:00.000,613,4,116956,470,47183,69773,26304,17647,10905,553,134,20
2022-11-21 00:00:00.000,658,2,116343,466,46987,69356,26170,17572,10856,547,133,19
2022-11-20 00:00:00.000,974,5,115685,464,46671,69014,26030,17477,10806,545,133,19
2022-11-19 00:00:00.000,892,2,114711,459,46089,68622,25900,17384,10745,544,133,19
2022-11-18 00:00:00.000,755,6,113819,457,45735,68084,25762,17295,10688,542,133,19
2022-11-17 00:00:00.000,850,3,113064,451,45468,67596,25625,17202,10613,537,132,19
2022-11-16 00:00:00.000,1355,18,112214,448,45078,67136,25439,17077,10530,532,132,19
2022-11-15 00:00:00.000,875,2,110859,430,44476,66383,25115,16838,10392,528,132,19
2022-11-14 00:00:00.000,775,4,109984,428,44135,65849,24967,16726,10335,527,132,19
2022-11-13 00:00:00.000,666,2,109209,424,43796,65413,24769,16614,10262,524,131,18
2022-11-12 00:00:00.000,931,5,108543,422,43527,65016,24596,16491,10188,518,127,18
2022-11-11 00:00:00.000,1019,1,107612,417,43116,64496,24405,16359,10106,515,127,18
2022-11-10 00:00:00.000,942,5,106593,416,42753,63840,24195,16207,10006,509,125,18
2022-11-09 00:00:00.000,1570,3,105651,411,42278,63373,23976,16044,9900,506,124,18
2022-11-08 00:00:00.000,2002,5,104081,408,41528,62553,23682,15842,9787,503,124,18
2022-11-07 00:00:00.000,2182,7,102079,403,40541,61538,23340,15611,9637,498,122,18
2022-11-06 00:00:00.000,1881,5,99897,396,39608,60289,23004,15392,9499,489,119,18
2022-11-05 00:00:00.000,2302,8,98016,391,38925,59091,22640,15205,9387,480,116,17
2022-11-04 00:00:00.000,2607,10,95714,383,37717,57997,22309,15005,9258,471,113,16
2022-11-03 00:00:00.000,2497,4,93107,373,36316,56791,21957,14786,9107,466,112,15
2022-11-02 00:00:00.000,3435,6,90610,369,35132,55478,21521,14519,8954,461,110,14
2022-11-01 00:00:00.000,3521,14,87175,363,33064,54111,21034,14222,8766,452,108,14
2022-10-31 00:00:00.000,5125,22,83654,349,31493,52161,20314,13723,8459,442,106,13
2022-10-30 00:00:00.000,3775,15,78529,327,29181,49348,19324,13063,8069,423,104,13
2022-10-29 00:00:00.000,4011,23,74754,312,27077,47677,18603,12603,7778,404,101,13
2022-10-28 00:00:00.000,6054,17,70743,289,25267,45476,17716,12044,7420,387,98,13
2022-10-27 00:00:00.000,4848,16,64689,272,23066,41623,16816,11435,7030,367,91,13
2022-10-26 00:00:00.000,6556,19,59841,256,21079,38762,15710,10691,6591,339,87,13
2022-10-25 00:00:00.000,8640,27,53285,237,19043,34242,14475,9919,6094,311,82,11
2022-10-24 00:00:00.000,8108,32,44645,210,16491,28154,12969,8956,5551,290,78,10
2022-10-23 00:00:00.000,10189,55,36537,178,13248,23289,10953,7764,4862,249,70,9
2022-10-22 00:00:00.000,5480,22,26348,123,9347,17001,8222,5912,3736,192,50,8
2022-10-21 00:00:00.000,7058,29,20868,101,7377,13491,6393,4528,2820,168,45,8
2022-10-20 00:00:00.000,9997,42,13810,72,5008,8802,4163,2902,1874,122,36,7
2022-10-19 00:00:00.000,3813,30,3813,30,1068,2745,1433,1014,682,64,20,5
