day,type,new,__row_index
2024-06-04T00:00:00.000Z,nft,1795,0
2024-03-27T00:00:00.000Z,dapp,40129,1
2024-04-03T00:00:00.000Z,defi,1812,2
2024-08-24T00:00:00.000Z,game,8970,3
2024-01-08T00:00:00.000Z,dapp,29043,4
2024-06-11T00:00:00.000Z,dapp,19081,5
2024-01-26T00:00:00.000Z,defi,722,6
2024-08-07T00:00:00.000Z,dex,300,7
2024-05-25T00:00:00.000Z,defi,611,8
2024-05-17T00:00:00.000Z,defi,1935,9
2024-03-01T00:00:00.000Z,defi,1002,10
2024-02-19T00:00:00.000Z,dex,1713,11
2024-03-10T00:00:00.000Z,bridge,2580,12
2024-05-11T00:00:00.000Z,nft,285,13
2024-05-02T00:00:00.000Z,defi,542,14
2024-08-15T00:00:00.000Z,dex,420,15
2024-04-27T00:00:00.000Z,nft,525,16
2024-02-27T00:00:00.000Z,defi,1299,17
2024-02-23T00:00:00.000Z,nft,339,18
2024-03-08T00:00:00.000Z,nft,908,19
2024-09-08T00:00:00.000Z,nft,84,20
2024-06-05T00:00:00.000Z,bridge,121,21
2024-06-15T00:00:00.000Z,game,1375,22
2024-08-27T00:00:00.000Z,bridge,57,23
2024-07-14T00:00:00.000Z,dapp,40880,24
2024-05-20T00:00:00.000Z,defi,504,25
2024-05-14T00:00:00.000Z,dapp,40193,26
2024-09-08T00:00:00.000Z,dapp,55779,27
2024-01-23T00:00:00.000Z,dex,59110,28
2024-09-05T00:00:00.000Z,dapp,56068,29
2024-04-30T00:00:00.000Z,dapp,6969,30
2024-06-04T00:00:00.000Z,dapp,42010,31
2024-03-23T00:00:00.000Z,dapp,37745,32
2024-09-04T00:00:00.000Z,game,13506,33
2024-04-16T00:00:00.000Z,defi,2995,34
2024-06-13T00:00:00.000Z,game,2779,35
2024-02-20T00:00:00.000Z,nft,721,36
2024-05-26T00:00:00.000Z,bridge,169,37
2024-08-01T00:00:00.000Z,nft,37,38
2024-07-22T00:00:00.000Z,bridge,281,39
2024-03-07T00:00:00.000Z,nft,823,40
2024-05-09T00:00:00.000Z,bridge,258,41
2024-09-05T00:00:00.000Z,defi,356,42
2024-07-27T00:00:00.000Z,bridge,121,43
2024-07-20T00:00:00.000Z,nft,170,44
2024-07-09T00:00:00.000Z,bridge,105,45
2024-05-28T00:00:00.000Z,dex,1841,46
2024-05-04T00:00:00.000Z,nft,160,47
2024-06-25T00:00:00.000Z,bridge,190,48
2024-09-14T00:00:00.000Z,bridge,34,49
2024-03-20T00:00:00.000Z,defi,12631,50
2024-02-09T00:00:00.000Z,dapp,44280,51
2024-07-04T00:00:00.000Z,defi,402,52
2024-01-07T00:00:00.000Z,nft,216,53
2024-04-07T00:00:00.000Z,bridge,2747,54
2024-03-16T00:00:00.000Z,dex,8964,55
2024-05-08T00:00:00.000Z,dapp,7530,56
2024-04-09T00:00:00.000Z,defi,2118,57
2024-02-15T00:00:00.000Z,dapp,22538,58
2024-05-21T00:00:00.000Z,dex,3177,59
2024-06-29T00:00:00.000Z,defi,660,60
2024-07-11T00:00:00.000Z,defi,398,61
2024-01-27T00:00:00.000Z,defi,982,62
2024-07-16T00:00:00.000Z,game,218,63
2024-07-29T00:00:00.000Z,nft,124,64
2024-09-12T00:00:00.000Z,nft,145,65
2024-07-24T00:00:00.000Z,defi,631,66
2024-02-14T00:00:00.000Z,nft,366,67
2024-07-24T00:00:00.000Z,nft,88,68
2024-01-31T00:00:00.000Z,dex,1271,69
2024-03-28T00:00:00.000Z,nft,2350,70
2024-04-14T00:00:00.000Z,dapp,45941,71
2024-02-27T00:00:00.000Z,dapp,44770,72
2024-06-11T00:00:00.000Z,game,2948,73
2024-04-27T00:00:00.000Z,dapp,8499,74
2024-09-05T00:00:00.000Z,game,13255,75
2024-08-06T00:00:00.000Z,nft,111,76
2024-03-06T00:00:00.000Z,dex,1629,77
2024-02-11T00:00:00.000Z,dex,1932,78
2024-02-21T00:00:00.000Z,dapp,3567,79
2024-06-08T00:00:00.000Z,dex,1047,80
2024-04-28T00:00:00.000Z,bridge,3766,81
2024-07-17T00:00:00.000Z,defi,728,82
2024-03-03T00:00:00.000Z,defi,999,83
2024-02-08T00:00:00.000Z,bridge,502,84
2024-07-06T00:00:00.000Z,defi,207,85
2024-09-09T00:00:00.000Z,dex,412,86
2024-07-05T00:00:00.000Z,nft,145,87
2024-07-27T00:00:00.000Z,nft,92,88
2024-08-28T00:00:00.000Z,bridge,34,89
2024-02-20T00:00:00.000Z,dapp,12531,90
2024-05-16T00:00:00.000Z,dapp,37990,91
2024-05-28T00:00:00.000Z,dapp,42707,92
2024-01-11T00:00:00.000Z,dex,769,93
2024-05-04T00:00:00.000Z,dapp,7459,94
2024-02-14T00:00:00.000Z,bridge,967,95
2024-03-24T00:00:00.000Z,dapp,39866,96
2024-02-03T00:00:00.000Z,dapp,37895,97
2024-01-01T00:00:00.000Z,dapp,48527,98
2024-04-29T00:00:00.000Z,defi,1716,99
2024-01-20T00:00:00.000Z,dex,987,100
2024-06-05T00:00:00.000Z,nft,602,101
2024-09-05T00:00:00.000Z,dex,444,102
2024-08-21T00:00:00.000Z,defi,202,103
2024-08-27T00:00:00.000Z,nft,80,104
2024-08-23T00:00:00.000Z,defi,168,105
2024-05-20T00:00:00.000Z,bridge,186,106
2024-05-19T00:00:00.000Z,bridge,118,107
2024-06-02T00:00:00.000Z,bridge,133,108
2024-06-11T00:00:00.000Z,nft,262,109
2024-01-20T00:00:00.000Z,dapp,9932,110
2024-03-18T00:00:00.000Z,defi,12542,111
2024-07-17T00:00:00.000Z,dapp,38685,112
2024-06-17T00:00:00.000Z,dex,1157,113
2024-08-19T00:00:00.000Z,dapp,10699,114
2024-08-15T00:00:00.000Z,dapp,74868,115
2024-05-12T00:00:00.000Z,defi,544,116
2024-03-30T00:00:00.000Z,dex,4162,117
2024-05-05T00:00:00.000Z,dapp,7158,118
2024-07-20T00:00:00.000Z,dapp,42307,119
2024-02-16T00:00:00.000Z,dex,1653,120
2024-05-01T00:00:00.000Z,defi,1473,121
2024-04-17T00:00:00.000Z,dex,2902,122
2024-06-28T00:00:00.000Z,defi,657,123
2024-02-05T00:00:00.000Z,defi,581,124
2024-03-08T00:00:00.000Z,defi,1285,125
2024-07-03T00:00:00.000Z,dex,1089,126
2024-01-11T00:00:00.000Z,bridge,975,127
2024-03-17T00:00:00.000Z,bridge,4554,128
2024-02-05T00:00:00.000Z,bridge,1023,129
2024-01-12T00:00:00.000Z,bridge,916,130
2024-01-25T00:00:00.000Z,bridge,914,131
2024-05-29T00:00:00.000Z,nft,537,132
2024-01-02T00:00:00.000Z,nft,430,133
2024-07-02T00:00:00.000Z,nft,107,134
2024-07-05T00:00:00.000Z,defi,363,135
2024-03-18T00:00:00.000Z,nft,3021,136
2024-05-16T00:00:00.000Z,nft,685,137
2024-08-24T00:00:00.000Z,defi,164,138
2024-09-14T00:00:00.000Z,game,397,139
2024-06-11T00:00:00.000Z,bridge,101,140
2024-08-02T00:00:00.000Z,dex,675,141
2024-06-30T00:00:00.000Z,nft,276,142
2024-09-07T00:00:00.000Z,bridge,24,143
2024-04-02T00:00:00.000Z,dapp,80502,144
2024-08-02T00:00:00.000Z,dapp,5875,145
2024-07-28T00:00:00.000Z,dapp,49091,146
2024-08-23T00:00:00.000Z,dapp,106717,147
2024-03-09T00:00:00.000Z,dapp,42837,148
2024-04-05T00:00:00.000Z,dex,2076,149
2024-02-29T00:00:00.000Z,nft,694,150
2024-02-17T00:00:00.000Z,defi,1247,151
2024-07-18T00:00:00.000Z,dex,1896,152
2024-06-04T00:00:00.000Z,dex,1631,153
2024-06-12T00:00:00.000Z,defi,705,154
2024-07-27T00:00:00.000Z,game,2442,155
2024-05-26T00:00:00.000Z,dex,754,156
2024-02-10T00:00:00.000Z,bridge,512,157
2024-07-17T00:00:00.000Z,game,121,158
2024-07-02T00:00:00.000Z,dex,667,159
2024-07-17T00:00:00.000Z,dex,2571,160
2024-01-14T00:00:00.000Z,dapp,42396,161
2024-06-12T00:00:00.000Z,game,731,162
2024-04-14T00:00:00.000Z,bridge,2168,163
2024-08-21T00:00:00.000Z,bridge,60,164
2024-04-03T00:00:00.000Z,dapp,59927,165
2024-03-23T00:00:00.000Z,defi,44450,166
2024-04-28T00:00:00.000Z,dex,2885,167
2024-05-27T00:00:00.000Z,game,5394,168
2024-03-24T00:00:00.000Z,defi,36699,169
2024-04-24T00:00:00.000Z,bridge,2600,170
2024-07-20T00:00:00.000Z,game,14895,171
2024-04-22T00:00:00.000Z,dapp,36982,172
2024-06-30T00:00:00.000Z,dapp,41891,173
2024-03-01T00:00:00.000Z,nft,798,174
2024-05-15T00:00:00.000Z,dex,1267,175
2024-01-09T00:00:00.000Z,defi,578,176
2024-08-18T00:00:00.000Z,dapp,39416,177
2024-07-15T00:00:00.000Z,dapp,24915,178
2024-02-18T00:00:00.000Z,dapp,2354,179
2024-01-03T00:00:00.000Z,defi,373,180
2024-03-05T00:00:00.000Z,dex,2362,181
2024-07-11T00:00:00.000Z,dex,414,182
2024-01-05T00:00:00.000Z,nft,847,183
2024-08-12T00:00:00.000Z,game,1177,184
2024-07-01T00:00:00.000Z,dex,1277,185
2024-02-19T00:00:00.000Z,nft,392,186
2024-06-29T00:00:00.000Z,game,149,187
2024-07-05T00:00:00.000Z,bridge,133,188
2024-01-09T00:00:00.000Z,nft,167,189
2024-04-21T00:00:00.000Z,nft,788,190
2024-07-20T00:00:00.000Z,bridge,142,191
2024-05-06T00:00:00.000Z,dex,1923,192
2024-09-07T00:00:00.000Z,dapp,56349,193
2024-04-30T00:00:00.000Z,defi,1752,194
2024-06-25T00:00:00.000Z,dex,1157,195
2024-08-31T00:00:00.000Z,defi,404,196
2024-05-05T00:00:00.000Z,bridge,385,197
2024-08-06T00:00:00.000Z,defi,362,198
2024-03-26T00:00:00.000Z,dex,13389,199
2024-06-19T00:00:00.000Z,bridge,132,200
2024-01-10T00:00:00.000Z,dapp,28625,201
2024-08-05T00:00:00.000Z,dapp,110372,202
2024-02-29T00:00:00.000Z,dapp,51764,203
2024-03-23T00:00:00.000Z,dex,21241,204
2024-06-21T00:00:00.000Z,nft,164,205
2024-02-04T00:00:00.000Z,dapp,32319,206
2024-05-12T00:00:00.000Z,dex,804,207
2024-08-01T00:00:00.000Z,dapp,21848,208
2024-01-31T00:00:00.000Z,nft,14057,209
2024-03-27T00:00:00.000Z,nft,2967,210
2024-02-09T00:00:00.000Z,nft,652,211
2024-08-10T00:00:00.000Z,defi,307,212
2024-07-11T00:00:00.000Z,bridge,141,213
2024-08-10T00:00:00.000Z,nft,50,214
2024-01-28T00:00:00.000Z,dapp,36111,215
2024-04-13T00:00:00.000Z,bridge,2454,216
2024-03-22T00:00:00.000Z,dex,25802,217
2024-04-18T00:00:00.000Z,dapp,36985,218
2024-01-08T00:00:00.000Z,dex,583,219
2024-08-30T00:00:00.000Z,dapp,62241,220
2024-03-12T00:00:00.000Z,bridge,3860,221
2024-01-04T00:00:00.000Z,defi,462,222
2024-04-25T00:00:00.000Z,dapp,12466,223
2024-01-07T00:00:00.000Z,dex,526,224
2024-08-22T00:00:00.000Z,defi,277,225
2024-01-12T00:00:00.000Z,dex,490,226
2024-08-20T00:00:00.000Z,nft,75,227
2024-01-17T00:00:00.000Z,bridge,991,228
2024-07-21T00:00:00.000Z,bridge,378,229
2024-04-13T00:00:00.000Z,nft,1167,230
2024-03-09T00:00:00.000Z,bridge,1936,231
2024-02-12T00:00:00.000Z,dapp,24363,232
2024-06-02T00:00:00.000Z,dapp,42313,233
2024-06-17T00:00:00.000Z,game,7523,234
2024-08-31T00:00:00.000Z,dapp,23484,235
2024-02-29T00:00:00.000Z,dex,2050,236
2024-01-20T00:00:00.000Z,defi,623,237
2024-04-18T00:00:00.000Z,dex,2302,238
2024-08-23T00:00:00.000Z,game,11566,239
2024-07-01T00:00:00.000Z,dapp,25743,240
2024-04-05T00:00:00.000Z,nft,912,241
2024-02-21T00:00:00.000Z,nft,592,242
2024-02-09T00:00:00.000Z,dex,674,243
2024-01-27T00:00:00.000Z,dex,993,244
2024-06-09T00:00:00.000Z,bridge,231,245
2024-09-08T00:00:00.000Z,dex,259,246
2024-02-17T00:00:00.000Z,nft,695,247
2024-08-04T00:00:00.000Z,nft,29,248
2024-07-05T00:00:00.000Z,dapp,42502,249
2024-02-01T00:00:00.000Z,nft,27333,250
2024-03-06T00:00:00.000Z,defi,2096,251
2024-08-26T00:00:00.000Z,dapp,82920,252
2024-07-08T00:00:00.000Z,game,15696,253
2024-07-18T00:00:00.000Z,defi,652,254
2024-07-30T00:00:00.000Z,game,4390,255
2024-06-07T00:00:00.000Z,dex,1231,256
2024-01-04T00:00:00.000Z,bridge,1022,257
2024-01-19T00:00:00.000Z,dex,779,258
2024-02-27T00:00:00.000Z,dex,1455,259
2024-03-06T00:00:00.000Z,bridge,628,260
2024-03-11T00:00:00.000Z,nft,1609,261
2024-01-21T00:00:00.000Z,bridge,1157,262
2024-03-01T00:00:00.000Z,dex,825,263
2024-02-10T00:00:00.000Z,nft,495,264
2024-06-21T00:00:00.000Z,defi,659,265
2024-05-12T00:00:00.000Z,nft,310,266
2024-05-24T00:00:00.000Z,bridge,218,267
2024-09-13T00:00:00.000Z,defi,232,268
2024-05-29T00:00:00.000Z,dex,4062,269
2024-03-21T00:00:00.000Z,dex,70145,270
2024-06-15T00:00:00.000Z,dapp,83882,271
2024-03-04T00:00:00.000Z,dex,2759,272
2024-07-07T00:00:00.000Z,game,33623,273
2024-02-19T00:00:00.000Z,dapp,39621,274
2024-08-01T00:00:00.000Z,defi,237,275
2024-02-17T00:00:00.000Z,dapp,1689,276
2024-05-08T00:00:00.000Z,dex,1834,277
2024-09-08T00:00:00.000Z,bridge,28,278
2024-06-26T00:00:00.000Z,dex,859,279
2024-08-11T00:00:00.000Z,defi,773,280
2024-08-10T00:00:00.000Z,game,2535,281
2024-08-07T00:00:00.000Z,dapp,11294,282
2024-05-14T00:00:00.000Z,defi,604,283
2024-06-26T00:00:00.000Z,nft,187,284
2024-06-17T00:00:00.000Z,nft,204,285
2024-08-03T00:00:00.000Z,nft,45,286
2024-09-13T00:00:00.000Z,bridge,55,287
2024-05-01T00:00:00.000Z,bridge,1584,288
2024-08-26T00:00:00.000Z,bridge,36,289
2024-09-05T00:00:00.000Z,bridge,67,290
2024-05-25T00:00:00.000Z,game,9795,291
2024-08-16T00:00:00.000Z,dapp,79450,292
2024-07-23T00:00:00.000Z,dapp,47979,293
2024-07-25T00:00:00.000Z,dapp,50351,294
2024-09-02T00:00:00.000Z,dapp,60201,295
2024-08-28T00:00:00.000Z,dapp,61578,296
2024-09-04T00:00:00.000Z,dapp,58431,297
2024-04-23T00:00:00.000Z,dapp,33666,298
2024-01-28T00:00:00.000Z,nft,8687,299
2024-03-08T00:00:00.000Z,dex,4831,300
2024-01-16T00:00:00.000Z,dex,517,301
2024-02-20T00:00:00.000Z,dex,1311,302
2024-01-25T00:00:00.000Z,dex,10799,303
2024-03-20T00:00:00.000Z,nft,4200,304
2024-04-06T00:00:00.000Z,bridge,2529,305
2024-04-06T00:00:00.000Z,nft,1488,306
2024-02-13T00:00:00.000Z,defi,2137,307
2024-01-17T00:00:00.000Z,dex,523,308
2024-01-12T00:00:00.000Z,nft,273,309
2024-05-23T00:00:00.000Z,bridge,135,310
2024-05-12T00:00:00.000Z,bridge,249,311
2024-08-08T00:00:00.000Z,dex,366,312
2024-05-06T00:00:00.000Z,nft,449,313
2024-03-03T00:00:00.000Z,bridge,429,314
2024-07-03T00:00:00.000Z,game,67,315
2024-08-30T00:00:00.000Z,nft,176,316
2024-09-10T00:00:00.000Z,nft,151,317
2024-01-27T00:00:00.000Z,nft,7301,318
2024-04-01T00:00:00.000Z,dex,2198,319
2024-06-05T00:00:00.000Z,dex,1082,320
2024-08-12T00:00:00.000Z,defi,177,321
2024-09-14T00:00:00.000Z,nft,166,322
2024-09-04T00:00:00.000Z,bridge,58,323
2024-03-21T00:00:00.000Z,defi,21715,324
2024-01-25T00:00:00.000Z,dapp,36297,325
2024-05-22T00:00:00.000Z,dapp,46981,326
2024-04-28T00:00:00.000Z,defi,2241,327
2024-05-06T00:00:00.000Z,dapp,6958,328
2024-02-07T00:00:00.000Z,dex,836,329
2024-06-12T00:00:00.000Z,dex,765,330
2024-01-07T00:00:00.000Z,defi,454,331
2024-07-31T00:00:00.000Z,bridge,77,332
2024-08-19T00:00:00.000Z,game,4116,333
2024-07-07T00:00:00.000Z,defi,386,334
2024-08-03T00:00:00.000Z,defi,254,335
2024-08-30T00:00:00.000Z,dex,282,336
2024-04-03T00:00:00.000Z,bridge,2718,337
2024-06-10T00:00:00.000Z,defi,1068,338
2024-05-30T00:00:00.000Z,nft,1622,339
2024-08-07T00:00:00.000Z,game,97,340
2024-06-14T00:00:00.000Z,nft,292,341
2024-08-07T00:00:00.000Z,bridge,41,342
2024-08-05T00:00:00.000Z,bridge,93,343
2024-07-30T00:00:00.000Z,dapp,54761,344
2024-02-12T00:00:00.000Z,defi,2603,345
2024-07-26T00:00:00.000Z,dapp,50494,346
2024-05-18T00:00:00.000Z,dapp,46215,347
2024-09-04T00:00:00.000Z,dex,590,348
2024-06-06T00:00:00.000Z,dapp,40936,349
2024-06-16T00:00:00.000Z,dex,962,350
2024-04-18T00:00:00.000Z,bridge,2188,351
2024-08-27T00:00:00.000Z,game,3122,352
2024-01-22T00:00:00.000Z,dapp,25803,353
2024-09-10T00:00:00.000Z,dapp,58856,354
2024-05-31T00:00:00.000Z,defi,2257,355
2024-02-18T00:00:00.000Z,nft,744,356
2024-07-08T00:00:00.000Z,bridge,90,357
2024-05-18T00:00:00.000Z,defi,412,358
2024-08-31T00:00:00.000Z,dex,460,359
2024-08-25T00:00:00.000Z,bridge,32,360
2024-06-19T00:00:00.000Z,dex,725,361
2024-01-13T00:00:00.000Z,defi,330,362
2024-08-22T00:00:00.000Z,dapp,176,363
2024-08-23T00:00:00.000Z,nft,181,364
2024-03-01T00:00:00.000Z,bridge,326,365
2024-07-28T00:00:00.000Z,bridge,98,366
2024-06-03T00:00:00.000Z,bridge,135,367
2024-01-09T00:00:00.000Z,dapp,26436,368
2024-07-21T00:00:00.000Z,dapp,42213,369
2024-04-02T00:00:00.000Z,defi,1758,370
2024-08-26T00:00:00.000Z,defi,146,371
2024-05-05T00:00:00.000Z,defi,538,372
2024-02-02T00:00:00.000Z,nft,37559,373
2024-03-11T00:00:00.000Z,dex,8258,374
2024-01-25T00:00:00.000Z,defi,680,375
2024-04-10T00:00:00.000Z,bridge,3462,376
2024-06-22T00:00:00.000Z,defi,405,377
2024-05-07T00:00:00.000Z,defi,1559,378
2024-02-24T00:00:00.000Z,bridge,647,379
2024-04-18T00:00:00.000Z,nft,497,380
2024-06-30T00:00:00.000Z,bridge,229,381
2024-08-26T00:00:00.000Z,dex,259,382
2024-03-15T00:00:00.000Z,nft,2430,383
2024-07-01T00:00:00.000Z,defi,301,384
2024-06-15T00:00:00.000Z,defi,494,385
2024-02-19T00:00:00.000Z,bridge,468,386
2024-08-04T00:00:00.000Z,defi,182,387
2024-06-15T00:00:00.000Z,bridge,149,388
2024-01-31T00:00:00.000Z,dapp,45916,389
2024-08-26T00:00:00.000Z,game,11704,390
2024-06-20T00:00:00.000Z,dex,942,391
2024-03-18T00:00:00.000Z,dex,12255,392
2024-03-20T00:00:00.000Z,bridge,5639,393
2024-06-16T00:00:00.000Z,game,1534,394
2024-06-09T00:00:00.000Z,game,2716,395
2024-01-18T00:00:00.000Z,bridge,822,396
2024-08-05T00:00:00.000Z,game,4940,397
2024-04-14T00:00:00.000Z,nft,1029,398
2024-04-06T00:00:00.000Z,defi,1783,399
2024-05-27T00:00:00.000Z,nft,631,400
2024-01-06T00:00:00.000Z,nft,757,401
2024-06-21T00:00:00.000Z,bridge,126,402
2024-01-01T00:00:00.000Z,nft,584,403
2024-06-24T00:00:00.000Z,nft,173,404
2024-09-04T00:00:00.000Z,defi,287,405
2024-08-10T00:00:00.000Z,bridge,40,406
2024-06-08T00:00:00.000Z,defi,1111605,407
2024-05-04T00:00:00.000Z,defi,579,408
2024-07-15T00:00:00.000Z,dex,6120,409
2024-08-10T00:00:00.000Z,dex,741,410
2024-09-03T00:00:00.000Z,game,12390,411
2024-05-22T00:00:00.000Z,dex,3483,412
2024-05-19T00:00:00.000Z,dex,1065,413
2024-04-22T00:00:00.000Z,bridge,2377,414
2024-05-09T00:00:00.000Z,nft,705,415
2024-01-16T00:00:00.000Z,defi,370,416
2024-08-16T00:00:00.000Z,game,1180,417
2024-09-06T00:00:00.000Z,defi,288,418
2024-07-12T00:00:00.000Z,nft,107,419
2024-01-21T00:00:00.000Z,dapp,22691,420
2024-02-05T00:00:00.000Z,dex,1131,421
2024-07-07T00:00:00.000Z,nft,97,422
2024-04-06T00:00:00.000Z,dex,2600,423
2024-05-02T00:00:00.000Z,dex,979,424
2024-05-03T00:00:00.000Z,defi,415,425
2024-04-16T00:00:00.000Z,dapp,40252,426
2024-01-24T00:00:00.000Z,dapp,40073,427
2024-01-22T00:00:00.000Z,defi,1356,428
2024-08-21T00:00:00.000Z,game,3985,429
2024-07-04T00:00:00.000Z,dex,1252,430
2024-04-19T00:00:00.000Z,dex,1941,431
2024-06-19T00:00:00.000Z,defi,899,432
2024-05-20T00:00:00.000Z,dex,2552,433
2024-02-26T00:00:00.000Z,bridge,526,434
2024-05-25T00:00:00.000Z,bridge,128,435
2024-06-30T00:00:00.000Z,game,92,436
2024-08-18T00:00:00.000Z,nft,34,437
2024-03-14T00:00:00.000Z,dapp,45325,438
2024-03-30T00:00:00.000Z,dapp,5660,439
2024-08-22T00:00:00.000Z,nft,132,440
2024-01-15T00:00:00.000Z,defi,517,441
2024-05-05T00:00:00.000Z,nft,162,442
2024-07-28T00:00:00.000Z,nft,85,443
2024-08-30T00:00:00.000Z,bridge,46,444
2024-08-09T00:00:00.000Z,bridge,33,445
2024-02-15T00:00:00.000Z,dex,1409,446
2024-07-19T00:00:00.000Z,dapp,52015,447
2024-03-29T00:00:00.000Z,nft,1663,448
2024-05-11T00:00:00.000Z,defi,1102,449
2024-06-04T00:00:00.000Z,game,6206,450
2024-07-26T00:00:00.000Z,nft,104,451
2024-06-27T00:00:00.000Z,dapp,27047,452
2024-08-25T00:00:00.000Z,dex,178,453
2024-06-06T00:00:00.000Z,nft,364,454
2024-01-16T00:00:00.000Z,bridge,957,455
2024-05-17T00:00:00.000Z,bridge,255,456
2024-06-17T00:00:00.000Z,bridge,107,457
2024-06-09T00:00:00.000Z,dex,778,458
2024-02-06T00:00:00.000Z,defi,697,459
2024-07-03T00:00:00.000Z,nft,390,460
2024-05-14T00:00:00.000Z,bridge,220,461
2024-07-14T00:00:00.000Z,nft,54,462
2024-05-19T00:00:00.000Z,nft,398,463
2024-03-04T00:00:00.000Z,dapp,43720,464
2024-05-16T00:00:00.000Z,game,4,465
2024-06-21T00:00:00.000Z,dapp,42247,466
2024-03-24T00:00:00.000Z,nft,32577,467
2024-03-26T00:00:00.000Z,dapp,37497,468
2024-08-27T00:00:00.000Z,dapp,63621,469
2024-04-04T00:00:00.000Z,defi,1548,470
2024-06-15T00:00:00.000Z,dex,613,471
2024-02-01T00:00:00.000Z,bridge,725,472
2024-04-29T00:00:00.000Z,dapp,7371,473
2024-02-25T00:00:00.000Z,bridge,564,474
2024-01-13T00:00:00.000Z,dex,495,475
2024-04-10T00:00:00.000Z,nft,1369,476
2024-05-07T00:00:00.000Z,nft,332,477
2024-07-01T00:00:00.000Z,bridge,494,478
2024-03-05T00:00:00.000Z,defi,879,479
2024-04-16T00:00:00.000Z,bridge,2181,480
2024-06-01T00:00:00.000Z,nft,398,481
2024-09-02T00:00:00.000Z,bridge,81,482
2024-02-08T00:00:00.000Z,dapp,50210,483
2024-05-16T00:00:00.000Z,dex,1800,484
2024-03-13T00:00:00.000Z,bridge,4784,485
2024-01-25T00:00:00.000Z,nft,6869,486
2024-01-26T00:00:00.000Z,nft,7383,487
2024-03-14T00:00:00.000Z,defi,25293,488
2024-06-06T00:00:00.000Z,dex,1115,489
2024-08-09T00:00:00.000Z,game,6221,490
2024-05-31T00:00:00.000Z,dapp,44953,491
2024-04-29T00:00:00.000Z,nft,369,492
2024-02-22T00:00:00.000Z,dapp,3362,493
2024-09-13T00:00:00.000Z,dapp,61094,494
2024-04-24T00:00:00.000Z,dapp,38042,495
2024-03-19T00:00:00.000Z,nft,4927,496
2024-02-28T00:00:00.000Z,bridge,515,497
2024-04-28T00:00:00.000Z,dapp,7803,498
2024-06-14T00:00:00.000Z,defi,400,499
2024-04-07T00:00:00.000Z,nft,1175,500
2024-02-28T00:00:00.000Z,nft,872,501
2024-03-08T00:00:00.000Z,bridge,1607,502
2024-08-03T00:00:00.000Z,bridge,167,503
2024-06-10T00:00:00.000Z,nft,171,504
2024-02-06T00:00:00.000Z,dapp,86380,505
2024-02-28T00:00:00.000Z,dex,1678,506
2024-04-20T00:00:00.000Z,bridge,1869,507
2024-07-18T00:00:00.000Z,bridge,157,508
2024-02-23T00:00:00.000Z,dex,1030,509
2024-06-08T00:00:00.000Z,dapp,156839,510
2024-06-18T00:00:00.000Z,game,4915,511
2024-02-05T00:00:00.000Z,dapp,68897,512
2024-04-12T00:00:00.000Z,dapp,33321,513
2024-06-26T00:00:00.000Z,game,10980,514
2024-04-08T00:00:00.000Z,defi,2190,515
2024-07-19T00:00:00.000Z,game,2574,516
2024-05-12T00:00:00.000Z,dapp,6952,517
2024-07-21T00:00:00.000Z,nft,80,518
2024-01-19T00:00:00.000Z,defi,456,519
2024-04-04T00:00:00.000Z,bridge,2526,520
2024-09-14T00:00:00.000Z,dapp,2383,521
2024-07-06T00:00:00.000Z,dex,833,522
2024-01-12T00:00:00.000Z,defi,583,523
2024-07-09T00:00:00.000Z,dex,275,524
2024-02-24T00:00:00.000Z,defi,638,525
2024-02-01T00:00:00.000Z,dex,1507,526
2024-07-03T00:00:00.000Z,defi,303,527
2024-07-23T00:00:00.000Z,defi,701,528
2024-06-13T00:00:00.000Z,dapp,486,529
2024-06-02T00:00:00.000Z,nft,168,530
2024-06-20T00:00:00.000Z,bridge,139,531
2024-09-09T00:00:00.000Z,nft,273,532
2024-05-13T00:00:00.000Z,dex,900,533
2024-06-25T00:00:00.000Z,defi,594,534
2024-08-15T00:00:00.000Z,nft,25,535
2024-06-25T00:00:00.000Z,dapp,41828,536
2024-03-11T00:00:00.000Z,dapp,39373,537
2024-02-02T00:00:00.000Z,dapp,41402,538
2024-05-04T00:00:00.000Z,dex,893,539
2024-08-20T00:00:00.000Z,dapp,40112,540
2024-03-12T00:00:00.000Z,dapp,37694,541
2024-06-07T00:00:00.000Z,dapp,42456,542
2024-01-04T00:00:00.000Z,dex,578,543
2024-03-31T00:00:00.000Z,bridge,5587,544
2024-06-26T00:00:00.000Z,dapp,42118,545
2024-09-06T00:00:00.000Z,nft,298,546
2024-01-11T00:00:00.000Z,dapp,29459,547
2024-06-08T00:00:00.000Z,game,6287,548
2024-05-09T00:00:00.000Z,defi,2008,549
2024-04-27T00:00:00.000Z,dex,2250,550
2024-07-08T00:00:00.000Z,defi,538,551
2024-01-09T00:00:00.000Z,bridge,1116,552
2024-08-27T00:00:00.000Z,defi,365,553
2024-08-07T00:00:00.000Z,defi,323,554
2024-06-18T00:00:00.000Z,nft,145,555
2024-01-05T00:00:00.000Z,defi,559,556
2024-08-18T00:00:00.000Z,bridge,48,557
2024-08-29T00:00:00.000Z,nft,42,558
2024-02-26T00:00:00.000Z,dapp,43798,559
2024-06-03T00:00:00.000Z,defi,37562,560
2024-03-20T00:00:00.000Z,dapp,46344,561
2024-03-16T00:00:00.000Z,dapp,53342,562
2024-05-07T00:00:00.000Z,dapp,9016,563
2024-06-23T00:00:00.000Z,dapp,42470,564
2024-04-01T00:00:00.000Z,defi,1806,565
2024-03-31T00:00:00.000Z,dex,3367,566
2024-02-11T00:00:00.000Z,bridge,539,567
2024-04-20T00:00:00.000Z,defi,1272,568
2024-01-17T00:00:00.000Z,defi,429,569
2024-08-28T00:00:00.000Z,dex,308,570
2024-04-02T00:00:00.000Z,nft,700,571
2024-04-17T00:00:00.000Z,nft,600,572
2024-01-30T00:00:00.000Z,bridge,969,573
2024-08-11T00:00:00.000Z,game,497,574
2024-05-31T00:00:00.000Z,bridge,184,575
2024-08-04T00:00:00.000Z,bridge,73,576
2024-05-30T00:00:00.000Z,bridge,212,577
2024-03-22T00:00:00.000Z,nft,22109,578
2024-06-20T00:00:00.000Z,game,6461,579
2024-08-20T00:00:00.000Z,dex,302,580
2024-01-20T00:00:00.000Z,nft,136,581
2024-08-28T00:00:00.000Z,nft,80,582
2024-09-10T00:00:00.000Z,bridge,47,583
2024-08-24T00:00:00.000Z,dapp,229756,584
2024-02-14T00:00:00.000Z,dapp,29074,585
2024-02-01T00:00:00.000Z,dapp,48011,586
2024-01-15T00:00:00.000Z,dapp,37977,587
2024-07-16T00:00:00.000Z,dex,7263,588
2024-01-21T00:00:00.000Z,defi,1609,589
2024-02-14T00:00:00.000Z,defi,3013,590
2024-03-14T00:00:00.000Z,nft,7537,591
2024-03-28T00:00:00.000Z,bridge,4961,592
2024-05-26T00:00:00.000Z,defi,699,593
2024-07-27T00:00:00.000Z,dex,397,594
2024-04-28T00:00:00.000Z,nft,573,595
2024-05-14T00:00:00.000Z,nft,493,596
2024-08-24T00:00:00.000Z,dex,135,597
2024-08-06T00:00:00.000Z,dex,348,598
2024-09-06T00:00:00.000Z,bridge,40,599
2024-07-24T00:00:00.000Z,bridge,168,600
2024-04-13T00:00:00.000Z,dapp,42845,601
2024-05-23T00:00:00.000Z,dapp,46740,602
2024-06-14T00:00:00.000Z,game,3439,603
2024-06-05T00:00:00.000Z,dapp,43783,604
2024-03-26T00:00:00.000Z,defi,13193,605
2024-02-23T00:00:00.000Z,defi,956,606
2024-05-27T00:00:00.000Z,dapp,69519,607
2024-01-13T00:00:00.000Z,dapp,41661,608
2024-06-22T00:00:00.000Z,dapp,40590,609
2024-01-12T00:00:00.000Z,dapp,37928,610
2024-04-14T00:00:00.000Z,dex,1758,611
2024-03-25T00:00:00.000Z,bridge,4290,612
2024-02-02T00:00:00.000Z,bridge,715,613
2024-01-20T00:00:00.000Z,bridge,930,614
2024-05-28T00:00:00.000Z,defi,871,615
2024-01-13T00:00:00.000Z,bridge,836,616
2024-02-07T00:00:00.000Z,bridge,923,617
2024-07-26T00:00:00.000Z,bridge,414,618
2024-06-01T00:00:00.000Z,bridge,157,619
2024-03-17T00:00:00.000Z,dex,11202,620
2024-04-11T00:00:00.000Z,dex,2971,621
2024-08-31T00:00:00.000Z,nft,3213,622
2024-06-15T00:00:00.000Z,nft,267,623
2024-08-28T00:00:00.000Z,defi,323,624
2024-04-12T00:00:00.000Z,dex,2555,625
2024-08-19T00:00:00.000Z,bridge,42,626
2024-03-02T00:00:00.000Z,dapp,49019,627
2024-03-22T00:00:00.000Z,dapp,43311,628
2024-06-22T00:00:00.000Z,dex,1098,629
2024-01-28T00:00:00.000Z,bridge,1119,630
2024-03-20T00:00:00.000Z,dex,11932,631
2024-06-22T00:00:00.000Z,game,5449,632
2024-05-11T00:00:00.000Z,dapp,7022,633
2024-05-27T00:00:00.000Z,defi,797,634
2024-06-09T00:00:00.000Z,defi,663,635
2024-06-20T00:00:00.000Z,defi,742,636
2024-04-08T00:00:00.000Z,nft,1005,637
2024-06-19T00:00:00.000Z,nft,571,638
2024-02-21T00:00:00.000Z,bridge,428,639
2024-03-02T00:00:00.000Z,bridge,396,640
2024-07-04T00:00:00.000Z,bridge,133,641
2024-07-30T00:00:00.000Z,defi,280,642
2024-07-15T00:00:00.000Z,nft,156,643
2024-03-15T00:00:00.000Z,dapp,47964,644
2024-01-23T00:00:00.000Z,dapp,31973,645
2024-03-07T00:00:00.000Z,dapp,43704,646
2024-02-24T00:00:00.000Z,dex,979,647
2024-03-05T00:00:00.000Z,dapp,46472,648
2024-04-20T00:00:00.000Z,dapp,35902,649
2024-07-16T00:00:00.000Z,defi,1624,650
2024-04-07T00:00:00.000Z,defi,2072,651
2024-05-04T00:00:00.000Z,bridge,364,652
2024-01-03T00:00:00.000Z,dex,588,653
2024-01-14T00:00:00.000Z,dex,812,654
2024-02-07T00:00:00.000Z,dapp,57432,655
2024-02-11T00:00:00.000Z,nft,498,656
2024-01-15T00:00:00.000Z,dex,618,657
2024-07-31T00:00:00.000Z,defi,269,658
2024-06-26T00:00:00.000Z,bridge,181,659
2024-02-25T00:00:00.000Z,defi,675,660
2024-09-11T00:00:00.000Z,defi,359,661
2024-02-25T00:00:00.000Z,nft,505,662
2024-03-17T00:00:00.000Z,dapp,49623,663
2024-02-26T00:00:00.000Z,dex,2162,664
2024-05-13T00:00:00.000Z,dapp,7366,665
2024-07-26T00:00:00.000Z,defi,555,666
2024-04-17T00:00:00.000Z,dapp,40050,667
2024-01-06T00:00:00.000Z,dex,470,668
2024-06-23T00:00:00.000Z,dex,1395,669
2024-05-13T00:00:00.000Z,bridge,264,670
2024-07-02T00:00:00.000Z,bridge,684,671
2024-04-17T00:00:00.000Z,bridge,2104,672
2024-08-16T00:00:00.000Z,dex,186,673
2024-01-16T00:00:00.000Z,nft,275,674
2024-09-13T00:00:00.000Z,dex,317,675
2024-05-21T00:00:00.000Z,nft,2683,676
2024-07-04T00:00:00.000Z,nft,136,677
2024-02-16T00:00:00.000Z,nft,353,678
2024-07-14T00:00:00.000Z,game,135,679
2024-01-04T00:00:00.000Z,dapp,41782,680
2024-09-03T00:00:00.000Z,dapp,57785,681
2024-07-11T00:00:00.000Z,dapp,36220,682
2024-05-29T00:00:00.000Z,defi,1179,683
2024-04-21T00:00:00.000Z,dex,2157,684
2024-01-30T00:00:00.000Z,nft,12300,685
2024-09-01T00:00:00.000Z,nft,1111,686
2024-08-09T00:00:00.000Z,dapp,4668,687
2024-03-11T00:00:00.000Z,bridge,3079,688
2024-01-29T00:00:00.000Z,defi,555,689
2024-05-13T00:00:00.000Z,nft,469,690
2024-05-19T00:00:00.000Z,defi,331,691
2024-08-18T00:00:00.000Z,dex,146,692
2024-05-31T00:00:00.000Z,dex,3804,693
2024-07-24T00:00:00.000Z,game,90,694
2024-08-14T00:00:00.000Z,bridge,41,695
2024-07-22T00:00:00.000Z,nft,98,696
2024-08-01T00:00:00.000Z,game,34,697
2024-06-18T00:00:00.000Z,dapp,86103,698
2024-02-14T00:00:00.000Z,dex,2910,699
2024-07-16T00:00:00.000Z,dapp,42139,700
2024-04-01T00:00:00.000Z,dapp,59865,701
2024-03-16T00:00:00.000Z,defi,8707,702
2024-03-19T00:00:00.000Z,dex,14819,703
2024-03-06T00:00:00.000Z,dapp,43017,704
2024-08-20T00:00:00.000Z,game,9452,705
2024-07-08T00:00:00.000Z,dapp,41779,706
2024-05-16T00:00:00.000Z,defi,1705,707
2024-04-13T00:00:00.000Z,dex,2327,708
2024-05-15T00:00:00.000Z,nft,408,709
2024-01-10T00:00:00.000Z,dex,823,710
2024-05-11T00:00:00.000Z,bridge,264,711
2024-02-03T00:00:00.000Z,bridge,764,712
2024-08-01T00:00:00.000Z,dex,354,713
2024-01-17T00:00:00.000Z,nft,159,714
2024-08-31T00:00:00.000Z,bridge,79,715
2024-09-08T00:00:00.000Z,defi,244,716
2024-05-11T00:00:00.000Z,dex,1287,717
2024-08-13T00:00:00.000Z,nft,41,718
2024-05-23T00:00:00.000Z,game,50032,719
2024-09-09T00:00:00.000Z,dapp,54326,720
2024-03-12T00:00:00.000Z,nft,1541,721
2024-05-17T00:00:00.000Z,dex,1894,722
2024-01-18T00:00:00.000Z,dapp,29280,723
2024-03-04T00:00:00.000Z,defi,1016,724
2024-08-17T00:00:00.000Z,game,5282,725
2024-07-27T00:00:00.000Z,dapp,48844,726
2024-01-28T00:00:00.000Z,dex,917,727
2024-08-30T00:00:00.000Z,game,11034,728
2024-04-22T00:00:00.000Z,dex,1982,729
2024-02-17T00:00:00.000Z,bridge,480,730
2024-02-10T00:00:00.000Z,defi,926,731
2024-03-25T00:00:00.000Z,nft,3691,732
2024-02-03T00:00:00.000Z,dex,1229,733
2024-01-07T00:00:00.000Z,bridge,1142,734
2024-08-17T00:00:00.000Z,defi,100,735
2024-05-07T00:00:00.000Z,bridge,312,736
2024-07-19T00:00:00.000Z,bridge,121,737
2024-07-22T00:00:00.000Z,game,6903,738
2024-04-29T00:00:00.000Z,bridge,3233,739
2024-09-12T00:00:00.000Z,bridge,68,740
2024-06-02T00:00:00.000Z,defi,179408,741
2024-05-26T00:00:00.000Z,game,1314,742
2024-03-21T00:00:00.000Z,nft,22113,743
2024-07-21T00:00:00.000Z,defi,688,744
2024-01-26T00:00:00.000Z,dapp,35886,745
2024-04-21T00:00:00.000Z,dapp,37137,746
2024-04-29T00:00:00.000Z,dex,3115,747
2024-04-26T00:00:00.000Z,dapp,8410,748
2024-03-07T00:00:00.000Z,dex,3120,749
2024-03-03T00:00:00.000Z,nft,1028,750
2024-06-30T00:00:00.000Z,dex,582,751
2024-07-09T00:00:00.000Z,defi,294,752
2024-02-09T00:00:00.000Z,bridge,516,753
2024-09-04T00:00:00.000Z,nft,290,754
2024-05-28T00:00:00.000Z,bridge,143,755
2024-09-09T00:00:00.000Z,bridge,54,756
2024-04-18T00:00:00.000Z,defi,2290,757
2024-01-23T00:00:00.000Z,bridge,917,758
2024-09-02T00:00:00.000Z,game,129,759
2024-05-22T00:00:00.000Z,defi,584,760
2024-06-29T00:00:00.000Z,dex,652,761
2024-03-08T00:00:00.000Z,dapp,43177,762
2024-03-28T00:00:00.000Z,defi,2522,763
2024-03-29T00:00:00.000Z,defi,2653,764
2024-05-24T00:00:00.000Z,nft,1304,765
2024-05-03T00:00:00.000Z,nft,100,766
2024-04-11T00:00:00.000Z,nft,2548,767
2024-02-15T00:00:00.000Z,nft,394,768
2024-02-08T00:00:00.000Z,defi,942,769
2024-07-28T00:00:00.000Z,dex,386,770
2024-06-11T00:00:00.000Z,dex,749,771
2024-08-30T00:00:00.000Z,defi,326,772
2024-02-08T00:00:00.000Z,dex,794,773
2024-01-26T00:00:00.000Z,bridge,1074,774
2024-06-24T00:00:00.000Z,defi,356,775
2024-09-12T00:00:00.000Z,dex,359,776
2024-07-12T00:00:00.000Z,dex,380,777
2024-01-19T00:00:00.000Z,bridge,994,778
2024-06-26T00:00:00.000Z,defi,468,779
2024-08-21T00:00:00.000Z,nft,119,780
2024-03-27T00:00:00.000Z,defi,3286,781
2024-02-07T00:00:00.000Z,defi,783,782
2024-01-03T00:00:00.000Z,nft,402,783
2024-06-03T00:00:00.000Z,dapp,50649,784
2024-08-31T00:00:00.000Z,game,4011,785
2024-06-07T00:00:00.000Z,defi,12491,786
2024-03-11T00:00:00.000Z,defi,5981,787
2024-07-19T00:00:00.000Z,defi,556,788
2024-06-27T00:00:00.000Z,game,7898,789
2024-05-03T00:00:00.000Z,dapp,7277,790
2024-02-22T00:00:00.000Z,defi,2018,791
2024-03-09T00:00:00.000Z,nft,1608,792
2024-04-12T00:00:00.000Z,bridge,4848,793
2024-02-19T00:00:00.000Z,defi,544,794
2024-08-08T00:00:00.000Z,defi,416,795
2024-01-03T00:00:00.000Z,bridge,732,796
2024-07-29T00:00:00.000Z,dex,364,797
2024-08-29T00:00:00.000Z,dex,229,798
2024-08-25T00:00:00.000Z,defi,180,799
2024-07-02T00:00:00.000Z,game,340,800
2024-08-16T00:00:00.000Z,defi,136,801
2024-08-05T00:00:00.000Z,nft,33,802
2024-07-13T00:00:00.000Z,dex,225,803
2024-01-05T00:00:00.000Z,dapp,41881,804
2024-03-21T00:00:00.000Z,dapp,49645,805
2024-07-05T00:00:00.000Z,game,11286,806
2024-07-01T00:00:00.000Z,game,7924,807
2024-02-12T00:00:00.000Z,dex,3057,808
2024-04-23T00:00:00.000Z,dex,1806,809
2024-06-18T00:00:00.000Z,dex,865,810
2024-07-09T00:00:00.000Z,game,26366,811
2024-09-06T00:00:00.000Z,game,48011,812
2024-06-22T00:00:00.000Z,bridge,146,813
2024-04-21T00:00:00.000Z,bridge,1920,814
2024-01-06T00:00:00.000Z,bridge,1186,815
2024-02-06T00:00:00.000Z,bridge,897,816
2024-07-27T00:00:00.000Z,defi,376,817
2024-07-19T00:00:00.000Z,dex,1043,818
2024-05-16T00:00:00.000Z,bridge,264,819
2024-03-24T00:00:00.000Z,bridge,4748,820
2024-04-30T00:00:00.000Z,nft,436,821
2024-09-10T00:00:00.000Z,game,4113,822
2024-05-07T00:00:00.000Z,dex,2509,823
2024-04-23T00:00:00.000Z,defi,2110,824
2024-03-21T00:00:00.000Z,bridge,6487,825
2024-06-21T00:00:00.000Z,dex,1514,826
2024-03-31T00:00:00.000Z,dapp,22536,827
2024-05-13T00:00:00.000Z,defi,556,828
2024-02-06T00:00:00.000Z,nft,16976,829
2024-08-28T00:00:00.000Z,game,5684,830
2024-01-24T00:00:00.000Z,nft,409,831
2024-03-07T00:00:00.000Z,bridge,1267,832
2024-06-13T00:00:00.000Z,dex,1807,833
2024-02-08T00:00:00.000Z,nft,1599,834
2024-01-10T00:00:00.000Z,bridge,1074,835
2024-01-04T00:00:00.000Z,nft,266,836
2024-08-18T00:00:00.000Z,defi,81,837
2024-02-12T00:00:00.000Z,bridge,607,838
2024-07-10T00:00:00.000Z,nft,111,839
2024-09-09T00:00:00.000Z,defi,242,840
2024-06-12T00:00:00.000Z,dapp,840,841
2024-05-19T00:00:00.000Z,dapp,46350,842
2024-04-12T00:00:00.000Z,defi,2599,843
2024-03-17T00:00:00.000Z,defi,8007,844
2024-04-09T00:00:00.000Z,dex,2303,845
2024-04-14T00:00:00.000Z,defi,1757,846
2024-07-22T00:00:00.000Z,defi,773,847
2024-06-17T00:00:00.000Z,defi,761,848
2024-04-13T00:00:00.000Z,defi,1819,849
2024-06-14T00:00:00.000Z,dex,542,850
2024-08-25T00:00:00.000Z,game,10731,851
2024-05-15T00:00:00.000Z,defi,737,852
2024-06-01T00:00:00.000Z,defi,456,853
2024-02-16T00:00:00.000Z,dapp,1562,854
2024-05-17T00:00:00.000Z,nft,1192,855
2024-05-27T00:00:00.000Z,bridge,197,856
2024-07-30T00:00:00.000Z,dex,412,857
2024-03-02T00:00:00.000Z,nft,601,858
2024-08-05T00:00:00.000Z,dex,229,859
2024-07-19T00:00:00.000Z,nft,123,860
2024-05-15T00:00:00.000Z,dapp,18657,861
2024-06-16T00:00:00.000Z,defi,566,862
2024-02-12T00:00:00.000Z,nft,387,863
2024-08-21T00:00:00.000Z,dex,180,864
2024-02-05T00:00:00.000Z,nft,40749,865
2024-03-01T00:00:00.000Z,dapp,48439,866
2024-04-08T00:00:00.000Z,dex,2612,867
2024-04-17T00:00:00.000Z,defi,1618,868
2024-09-12T00:00:00.000Z,dapp,62393,869
2024-03-25T00:00:00.000Z,dapp,38327,870
2024-06-09T00:00:00.000Z,dapp,59142,871
2024-07-24T00:00:00.000Z,dapp,49208,872
2024-04-27T00:00:00.000Z,bridge,3897,873
2024-06-23T00:00:00.000Z,game,2166,874
2024-07-18T00:00:00.000Z,dapp,50039,875
2024-07-13T00:00:00.000Z,game,3893,876
2024-01-14T00:00:00.000Z,bridge,1062,877
2024-03-23T00:00:00.000Z,nft,3224,878
2024-01-14T00:00:00.000Z,nft,290,879
2024-08-22T00:00:00.000Z,dex,253,880
2024-02-22T00:00:00.000Z,bridge,612,881
2024-01-18T00:00:00.000Z,nft,146,882
2024-05-15T00:00:00.000Z,bridge,229,883
2024-05-21T00:00:00.000Z,bridge,324,884
2024-03-12T00:00:00.000Z,defi,3982,885
2024-03-13T00:00:00.000Z,nft,2606,886
2024-04-01T00:00:00.000Z,nft,859,887
2024-05-25T00:00:00.000Z,nft,1217,888
2024-05-28T00:00:00.000Z,nft,311,889
2024-07-12T00:00:00.000Z,bridge,111,890
2024-07-12T00:00:00.000Z,game,5428,891
2024-02-04T00:00:00.000Z,nft,43649,892
2024-08-17T00:00:00.000Z,dapp,79949,893
2024-04-30T00:00:00.000Z,bridge,3584,894
2024-09-09T00:00:00.000Z,game,25783,895
2024-03-15T00:00:00.000Z,dex,7313,896
2024-05-01T00:00:00.000Z,dapp,7438,897
2024-01-11T00:00:00.000Z,defi,748,898
2024-01-06T00:00:00.000Z,dapp,33199,899
2024-03-02T00:00:00.000Z,defi,1573,900
2024-07-02T00:00:00.000Z,defi,325,901
2024-05-21T00:00:00.000Z,dapp,46557,902
2024-04-02T00:00:00.000Z,dex,2031,903
2024-04-19T00:00:00.000Z,defi,1174,904
2024-06-27T00:00:00.000Z,defi,656,905
2024-06-20T00:00:00.000Z,nft,409,906
2024-05-25T00:00:00.000Z,dex,761,907
2024-09-11T00:00:00.000Z,dex,583,908
2024-07-24T00:00:00.000Z,dex,938,909
2024-04-19T00:00:00.000Z,nft,600,910
2024-08-02T00:00:00.000Z,bridge,452,911
2024-08-07T00:00:00.000Z,nft,63,912
2024-07-10T00:00:00.000Z,bridge,101,913
2024-02-29T00:00:00.000Z,defi,2284,914
2024-04-05T00:00:00.000Z,bridge,2668,915
2024-06-12T00:00:00.000Z,nft,691,916
2024-09-01T00:00:00.000Z,bridge,23,917
2024-02-17T00:00:00.000Z,dex,2650,918
2024-07-31T00:00:00.000Z,dapp,52845,919
2024-07-12T00:00:00.000Z,dapp,99259,920
2024-03-30T00:00:00.000Z,defi,2110,921
2024-07-29T00:00:00.000Z,dapp,48917,922
2024-03-29T00:00:00.000Z,bridge,5016,923
2024-02-20T00:00:00.000Z,defi,844,924
2024-02-06T00:00:00.000Z,dex,966,925
2024-01-29T00:00:00.000Z,nft,9456,926
2024-01-30T00:00:00.000Z,dex,883,927
2024-04-26T00:00:00.000Z,dex,1870,928
2024-08-08T00:00:00.000Z,dapp,6357,929
2024-06-10T00:00:00.000Z,dex,946,930
2024-07-20T00:00:00.000Z,defi,654,931
2024-06-30T00:00:00.000Z,defi,519,932
2024-08-26T00:00:00.000Z,nft,67,933
2024-06-28T00:00:00.000Z,dex,1287,934
2024-07-13T00:00:00.000Z,nft,50,935
2024-07-03T00:00:00.000Z,bridge,119,936
2024-04-03T00:00:00.000Z,nft,765,937
2024-07-08T00:00:00.000Z,dex,566,938
2024-07-23T00:00:00.000Z,bridge,263,939
2024-07-15T00:00:00.000Z,game,24,940
2024-02-23T00:00:00.000Z,dapp,54222,941
2024-06-05T00:00:00.000Z,game,7644,942
2024-05-21T00:00:00.000Z,defi,1506,943
2024-01-02T00:00:00.000Z,dapp,23211,944
2024-07-11T00:00:00.000Z,game,3775,945
2024-08-13T00:00:00.000Z,game,2018,946
2024-06-10T00:00:00.000Z,game,956,947
2024-02-02T00:00:00.000Z,defi,817,948
2024-04-01T00:00:00.000Z,bridge,3618,949
2024-03-04T00:00:00.000Z,bridge,390,950
2024-09-07T00:00:00.000Z,nft,136,951
2024-07-11T00:00:00.000Z,nft,90,952
2024-07-16T00:00:00.000Z,nft,484,953
2024-05-10T00:00:00.000Z,bridge,258,954
2024-06-29T00:00:00.000Z,bridge,144,955
2024-06-24T00:00:00.000Z,dapp,40653,956
2024-06-17T00:00:00.000Z,dapp,2118,957
2024-02-03T00:00:00.000Z,nft,28241,958
2024-02-21T00:00:00.000Z,defi,1077,959
2024-04-20T00:00:00.000Z,dex,2179,960
2024-04-10T00:00:00.000Z,dapp,21123,961
2024-04-24T00:00:00.000Z,dex,2335,962
2024-03-13T00:00:00.000Z,defi,26850,963
2024-05-10T00:00:00.000Z,dex,1692,964
2024-01-29T00:00:00.000Z,dapp,40305,965
2024-09-11T00:00:00.000Z,game,6961,966
2024-05-30T00:00:00.000Z,defi,934,967
2024-04-10T00:00:00.000Z,dex,2141,968
2024-04-21T00:00:00.000Z,defi,1621,969
2024-07-10T00:00:00.000Z,game,24095,970
2024-03-15T00:00:00.000Z,bridge,5636,971
2024-02-01T00:00:00.000Z,defi,751,972
2024-02-13T00:00:00.000Z,dex,2368,973
2024-03-12T00:00:00.000Z,dex,3770,974
2024-08-23T00:00:00.000Z,dex,166,975
2024-07-31T00:00:00.000Z,nft,76,976
2024-02-16T00:00:00.000Z,bridge,498,977
2024-06-12T00:00:00.000Z,bridge,247,978
2024-05-26T00:00:00.000Z,dapp,34221,979
2024-01-01T00:00:00.000Z,dex,555,980
2024-02-24T00:00:00.000Z,nft,420,981
2024-03-28T00:00:00.000Z,dex,4584,982
2024-01-30T00:00:00.000Z,dapp,45416,983
2024-05-17T00:00:00.000Z,dapp,46794,984
2024-07-26T00:00:00.000Z,game,13798,985
2024-03-19T00:00:00.000Z,defi,15424,986
2024-05-23T00:00:00.000Z,dex,2501,987
2024-02-25T00:00:00.000Z,dex,1071,988
2024-07-05T00:00:00.000Z,dex,663,989
2024-03-27T00:00:00.000Z,bridge,4940,990
2024-03-23T00:00:00.000Z,bridge,4718,991
2024-04-08T00:00:00.000Z,bridge,2672,992
2024-06-18T00:00:00.000Z,bridge,324,993
2024-06-28T00:00:00.000Z,nft,442,994
2024-02-29T00:00:00.000Z,bridge,523,995
2024-08-08T00:00:00.000Z,nft,41,996
2024-09-13T00:00:00.000Z,nft,231,997
2024-07-21T00:00:00.000Z,dex,1525,998
2024-05-29T00:00:00.000Z,dapp,43418,999
2024-01-26T00:00:00.000Z,dex,858,1000
2024-05-26T00:00:00.000Z,nft,445,1001
2024-09-01T00:00:00.000Z,defi,171,1002
2024-08-12T00:00:00.000Z,nft,35,1003
2024-05-29T00:00:00.000Z,bridge,161,1004
2024-01-08T00:00:00.000Z,nft,200,1005
2024-09-11T00:00:00.000Z,bridge,32,1006
2024-01-03T00:00:00.000Z,dapp,34081,1007
2024-08-25T00:00:00.000Z,dapp,83528,1008
2024-03-15T00:00:00.000Z,defi,8903,1009
2024-08-02T00:00:00.000Z,defi,555,1010
2024-01-08T00:00:00.000Z,bridge,1065,1011
2024-06-04T00:00:00.000Z,bridge,115,1012
2024-08-19T00:00:00.000Z,defi,97,1013
2024-08-24T00:00:00.000Z,nft,149,1014
2024-07-13T00:00:00.000Z,bridge,76,1015
2024-06-08T00:00:00.000Z,bridge,153,1016
2024-08-23T00:00:00.000Z,bridge,47,1017
2024-04-10T00:00:00.000Z,defi,2034,1018
2024-09-01T00:00:00.000Z,dapp,61023,1019
2024-03-16T00:00:00.000Z,bridge,4481,1020
2024-05-10T00:00:00.000Z,dapp,6736,1021
2024-08-11T00:00:00.000Z,dex,534,1022
2024-09-02T00:00:00.000Z,defi,217,1023
2024-04-23T00:00:00.000Z,nft,957,1024
2024-01-30T00:00:00.000Z,defi,577,1025
2024-05-09T00:00:00.000Z,dex,1062,1026
2024-02-22T00:00:00.000Z,dex,1781,1027
2024-07-15T00:00:00.000Z,defi,1169,1028
2024-04-09T00:00:00.000Z,nft,1047,1029
2024-01-31T00:00:00.000Z,bridge,1142,1030
2024-08-04T00:00:00.000Z,game,1043,1031
2024-08-09T00:00:00.000Z,defi,183,1032
2024-06-14T00:00:00.000Z,bridge,152,1033
2024-07-25T00:00:00.000Z,bridge,127,1034
2024-06-09T00:00:00.000Z,nft,224,1035
2024-07-16T00:00:00.000Z,bridge,101,1036
2024-02-13T00:00:00.000Z,bridge,570,1037
2024-07-31T00:00:00.000Z,dex,655,1038
2024-07-23T00:00:00.000Z,nft,152,1039
2024-06-11T00:00:00.000Z,defi,576,1040
2024-08-22T00:00:00.000Z,game,696,1041
2024-09-03T00:00:00.000Z,bridge,51,1042
2024-08-02T00:00:00.000Z,nft,46,1043
2024-08-14T00:00:00.000Z,game,84,1044
2024-06-28T00:00:00.000Z,dapp,51082,1045
2024-01-19T00:00:00.000Z,dapp,11492,1046
2024-04-07T00:00:00.000Z,dapp,49636,1047
2024-02-23T00:00:00.000Z,bridge,514,1048
2024-07-06T00:00:00.000Z,dapp,40010,1049
2024-04-26T00:00:00.000Z,bridge,3586,1050
2024-01-11T00:00:00.000Z,nft,208,1051
2024-08-15T00:00:00.000Z,game,8927,1052
2024-07-07T00:00:00.000Z,dapp,41111,1053
2024-06-13T00:00:00.000Z,defi,739,1054
2024-03-22T00:00:00.000Z,bridge,5740,1055
2024-06-06T00:00:00.000Z,game,1015,1056
2024-04-02T00:00:00.000Z,bridge,2762,1057
2024-09-01T00:00:00.000Z,game,843,1058
2024-09-10T00:00:00.000Z,defi,433,1059
2024-01-31T00:00:00.000Z,defi,642,1060
2024-01-10T00:00:00.000Z,nft,176,1061
2024-04-09T00:00:00.000Z,bridge,2616,1062
2024-01-24T00:00:00.000Z,bridge,972,1063
2024-01-21T00:00:00.000Z,nft,978,1064
2024-08-25T00:00:00.000Z,nft,168,1065
2024-08-01T00:00:00.000Z,bridge,48,1066
2024-05-30T00:00:00.000Z,dapp,43077,1067
2024-02-28T00:00:00.000Z,defi,5143,1068
2024-06-01T00:00:00.000Z,dex,1601,1069
2024-01-16T00:00:00.000Z,dapp,39768,1070
2024-02-02T00:00:00.000Z,dex,1959,1071
2024-09-11T00:00:00.000Z,nft,259,1072
2024-05-23T00:00:00.000Z,nft,940,1073
2024-07-04T00:00:00.000Z,game,6865,1074
2024-04-15T00:00:00.000Z,dapp,46652,1075
2024-02-20T00:00:00.000Z,bridge,405,1076
2024-06-25T00:00:00.000Z,nft,292,1077
2024-08-12T00:00:00.000Z,dex,156,1078
2024-01-01T00:00:00.000Z,defi,251,1079
2024-02-26T00:00:00.000Z,defi,969,1080
2024-09-14T00:00:00.000Z,defi,333,1081
2024-09-02T00:00:00.000Z,dex,492,1082
2024-08-24T00:00:00.000Z,bridge,73,1083
2024-05-24T00:00:00.000Z,dapp,44322,1084
2024-06-05T00:00:00.000Z,defi,638,1085
2024-04-05T00:00:00.000Z,dapp,46161,1086
2024-06-07T00:00:00.000Z,nft,628,1087
2024-06-07T00:00:00.000Z,game,9432,1088
2024-09-06T00:00:00.000Z,dapp,59659,1089
2024-08-21T00:00:00.000Z,dapp,16067,1090
2024-09-07T00:00:00.000Z,game,9953,1091
2024-01-27T00:00:00.000Z,dapp,35067,1092
2024-02-22T00:00:00.000Z,nft,1603,1093
2024-03-31T00:00:00.000Z,nft,636,1094
2024-08-13T00:00:00.000Z,defi,844,1095
2024-07-10T00:00:00.000Z,dex,407,1096
2024-05-10T00:00:00.000Z,nft,522,1097
2024-03-05T00:00:00.000Z,bridge,409,1098
2024-09-02T00:00:00.000Z,nft,731,1099
2024-08-14T00:00:00.000Z,nft,30,1100
2024-02-24T00:00:00.000Z,dapp,68854,1101
2024-02-07T00:00:00.000Z,nft,9229,1102
2024-08-14T00:00:00.000Z,dapp,15665,1103
2024-03-30T00:00:00.000Z,nft,1201,1104
2024-07-13T00:00:00.000Z,dapp,40783,1105
2024-04-27T00:00:00.000Z,defi,1523,1106
2024-04-04T00:00:00.000Z,dex,2189,1107
2024-04-11T00:00:00.000Z,bridge,4332,1108
2024-08-10T00:00:00.000Z,dapp,4069,1109
2024-04-25T00:00:00.000Z,defi,2606,1110
2024-03-17T00:00:00.000Z,nft,3348,1111
2024-08-03T00:00:00.000Z,game,3425,1112
2024-06-29T00:00:00.000Z,nft,677,1113
2024-09-14T00:00:00.000Z,dex,316,1114
2024-01-05T00:00:00.000Z,bridge,1055,1115
2024-02-04T00:00:00.000Z,defi,580,1116
2024-07-30T00:00:00.000Z,nft,121,1117
2024-03-02T00:00:00.000Z,dex,954,1118
2024-07-06T00:00:00.000Z,bridge,538,1119
2024-05-18T00:00:00.000Z,bridge,179,1120
2024-07-30T00:00:00.000Z,bridge,112,1121
2024-09-03T00:00:00.000Z,dex,456,1122
2024-06-27T00:00:00.000Z,nft,97,1123
2024-03-29T00:00:00.000Z,dapp,40688,1124
2024-05-08T00:00:00.000Z,defi,1350,1125
2024-07-04T00:00:00.000Z,dapp,57070,1126
2024-03-26T00:00:00.000Z,bridge,4366,1127
2024-05-24T00:00:00.000Z,game,2084,1128
2024-08-04T00:00:00.000Z,dapp,79456,1129
2024-07-20T00:00:00.000Z,dex,1192,1130
2024-05-02T00:00:00.000Z,bridge,851,1131
2024-08-11T00:00:00.000Z,dapp,4817,1132
2024-07-01T00:00:00.000Z,nft,119,1133
2024-03-14T00:00:00.000Z,dex,5586,1134
2024-05-01T00:00:00.000Z,dex,1537,1135
2024-01-10T00:00:00.000Z,defi,766,1136
2024-08-09T00:00:00.000Z,dex,150,1137
2024-04-15T00:00:00.000Z,nft,648,1138
2024-08-14T00:00:00.000Z,dex,276,1139
2024-09-06T00:00:00.000Z,dex,479,1140
2024-06-07T00:00:00.000Z,bridge,108,1141
2024-06-28T00:00:00.000Z,bridge,114,1142
2024-07-25T00:00:00.000Z,game,26,1143
2024-04-09T00:00:00.000Z,dapp,27928,1144
2024-08-03T00:00:00.000Z,dapp,7282,1145
2024-08-15T00:00:00.000Z,defi,139,1146
2024-04-15T00:00:00.000Z,bridge,2236,1147
2024-08-11T00:00:00.000Z,nft,21,1148
2024-07-18T00:00:00.000Z,game,60,1149
2024-08-16T00:00:00.000Z,bridge,30,1150
2024-07-07T00:00:00.000Z,dex,658,1151
2024-03-24T00:00:00.000Z,dex,52922,1152
2024-03-13T00:00:00.000Z,dex,5175,1153
2024-02-13T00:00:00.000Z,dapp,26551,1154
2024-03-03T00:00:00.000Z,dex,863,1155
2024-03-07T00:00:00.000Z,defi,1124,1156
2024-01-18T00:00:00.000Z,defi,504,1157
2024-04-16T00:00:00.000Z,dex,2528,1158
2024-05-09T00:00:00.000Z,dapp,6901,1159
2024-01-14T00:00:00.000Z,defi,533,1160
2024-01-21T00:00:00.000Z,dex,6020,1161
2024-07-23T00:00:00.000Z,dex,939,1162
2024-01-02T00:00:00.000Z,defi,330,1163
2024-02-27T00:00:00.000Z,nft,524,1164
2024-06-13T00:00:00.000Z,bridge,715,1165
2024-07-26T00:00:00.000Z,dex,660,1166
2024-04-22T00:00:00.000Z,nft,792,1167
2024-09-08T00:00:00.000Z,game,786,1168
2024-08-16T00:00:00.000Z,nft,48,1169
2024-01-15T00:00:00.000Z,nft,344,1170
2024-02-26T00:00:00.000Z,nft,501,1171
2024-08-20T00:00:00.000Z,bridge,88,1172
2024-04-30T00:00:00.000Z,dex,2108,1173
2024-08-15T00:00:00.000Z,bridge,61,1174
2024-03-25T00:00:00.000Z,dex,34563,1175
2024-04-11T00:00:00.000Z,defi,3063,1176
2024-02-28T00:00:00.000Z,dapp,47025,1177
2024-03-25T00:00:00.000Z,defi,40927,1178
2024-08-19T00:00:00.000Z,dex,429,1179
2024-06-23T00:00:00.000Z,nft,98,1180
2024-01-07T00:00:00.000Z,dapp,34123,1181
2024-04-15T00:00:00.000Z,defi,2389,1182
2024-07-10T00:00:00.000Z,defi,266,1183
2024-05-18T00:00:00.000Z,nft,627,1184
2024-01-01T00:00:00.000Z,bridge,635,1185
2024-02-21T00:00:00.000Z,dex,1165,1186
2024-01-08T00:00:00.000Z,defi,408,1187
2024-08-08T00:00:00.000Z,bridge,51,1188
2024-05-02T00:00:00.000Z,nft,126,1189
2024-07-18T00:00:00.000Z,nft,117,1190
2024-06-24T00:00:00.000Z,bridge,650,1191
2024-01-17T00:00:00.000Z,dapp,40598,1192
2024-06-16T00:00:00.000Z,dapp,50716,1193
2024-03-22T00:00:00.000Z,defi,47534,1194
2024-06-19T00:00:00.000Z,game,1908,1195
2024-02-04T00:00:00.000Z,dex,1756,1196
2024-04-06T00:00:00.000Z,dapp,45608,1197
2024-05-30T00:00:00.000Z,dex,3117,1198
2024-05-25T00:00:00.000Z,dapp,26527,1199
2024-03-31T00:00:00.000Z,defi,1943,1200
2024-05-24T00:00:00.000Z,defi,936,1201
2024-01-29T00:00:00.000Z,bridge,928,1202
2024-06-22T00:00:00.000Z,nft,315,1203
2024-06-27T00:00:00.000Z,bridge,261,1204
2024-07-13T00:00:00.000Z,defi,196,1205
2024-06-03T00:00:00.000Z,nft,281,1206
2024-01-19T00:00:00.000Z,nft,164,1207
2024-02-13T00:00:00.000Z,nft,710,1208
2024-03-10T00:00:00.000Z,dex,10703,1209
2024-06-29T00:00:00.000Z,dapp,49061,1210
2024-09-07T00:00:00.000Z,defi,141,1211
2024-01-24T00:00:00.000Z,dex,41905,1212
2024-09-11T00:00:00.000Z,dapp,61146,1213
2024-03-10T00:00:00.000Z,nft,2789,1214
2024-07-25T00:00:00.000Z,defi,669,1215
2024-02-04T00:00:00.000Z,bridge,934,1216
2024-05-24T00:00:00.000Z,dex,2374,1217
2024-03-04T00:00:00.000Z,nft,1109,1218
2024-07-03T00:00:00.000Z,dapp,75627,1219
2024-08-03T00:00:00.000Z,dex,338,1220
2024-01-22T00:00:00.000Z,dex,1058,1221
2024-06-24T00:00:00.000Z,dex,1451,1222
2024-04-25T00:00:00.000Z,bridge,2868,1223
2024-08-18T00:00:00.000Z,game,1926,1224
2024-08-11T00:00:00.000Z,bridge,40,1225
2024-03-06T00:00:00.000Z,nft,556,1226
2024-06-16T00:00:00.000Z,nft,272,1227
2024-07-29T00:00:00.000Z,game,160,1228
2024-09-05T00:00:00.000Z,nft,192,1229
2024-04-25T00:00:00.000Z,dex,3101,1230
2024-04-11T00:00:00.000Z,dapp,21402,1231
2024-07-22T00:00:00.000Z,dex,1304,1232
2024-01-02T00:00:00.000Z,dex,629,1233
2024-09-03T00:00:00.000Z,defi,330,1234
2024-08-17T00:00:00.000Z,nft,37,1235
2024-06-23T00:00:00.000Z,bridge,169,1236
2024-04-03T00:00:00.000Z,dex,2048,1237
2024-05-20T00:00:00.000Z,dapp,45942,1238
2024-06-04T00:00:00.000Z,defi,2303,1239
2024-06-20T00:00:00.000Z,dapp,53425,1240
2024-08-29T00:00:00.000Z,dapp,56206,1241
2024-05-10T00:00:00.000Z,defi,1225,1242
2024-07-28T00:00:00.000Z,game,5277,1243
2024-06-06T00:00:00.000Z,defi,658,1244
2024-04-19T00:00:00.000Z,dapp,35560,1245
2024-06-10T00:00:00.000Z,dapp,53669,1246
2024-08-06T00:00:00.000Z,dapp,1850,1247
2024-08-17T00:00:00.000Z,dex,133,1248
2024-02-18T00:00:00.000Z,dex,2628,1249
2024-07-07T00:00:00.000Z,bridge,84,1250
2024-08-22T00:00:00.000Z,bridge,83,1251
2024-01-22T00:00:00.000Z,bridge,864,1252
2024-05-14T00:00:00.000Z,dex,713,1253
2024-08-29T00:00:00.000Z,defi,257,1254
2024-07-14T00:00:00.000Z,defi,182,1255
2024-09-01T00:00:00.000Z,dex,320,1256
2024-04-16T00:00:00.000Z,nft,1018,1257
2024-07-09T00:00:00.000Z,nft,97,1258
2024-05-01T00:00:00.000Z,nft,375,1259
2024-02-15T00:00:00.000Z,defi,700,1260
2024-06-01T00:00:00.000Z,dapp,42933,1261
2024-05-03T00:00:00.000Z,dex,2869,1262
2024-01-28T00:00:00.000Z,defi,924,1263
2024-07-10T00:00:00.000Z,dapp,199,1264
2024-07-12T00:00:00.000Z,defi,388,1265
2024-08-29T00:00:00.000Z,bridge,27,1266
2024-06-14T00:00:00.000Z,dapp,45129,1267
2024-05-06T00:00:00.000Z,defi,1528,1268
2024-06-21T00:00:00.000Z,game,13021,1269
2024-03-09T00:00:00.000Z,defi,23907,1270
2024-08-12T00:00:00.000Z,dapp,6335,1271
2024-03-10T00:00:00.000Z,defi,25231,1272
2024-02-11T00:00:00.000Z,defi,1680,1273
2024-06-03T00:00:00.000Z,dex,1495,1274
2024-04-23T00:00:00.000Z,bridge,2419,1275
2024-02-03T00:00:00.000Z,defi,602,1276
2024-08-14T00:00:00.000Z,defi,240,1277
2024-07-14T00:00:00.000Z,bridge,95,1278
2024-05-22T00:00:00.000Z,nft,1465,1279
2024-06-08T00:00:00.000Z,nft,307,1280
2024-07-06T00:00:00.000Z,game,10562,1281
2024-07-02T00:00:00.000Z,dapp,9269,1282
2024-07-28T00:00:00.000Z,defi,249,1283
2024-08-08T00:00:00.000Z,game,618,1284
2024-09-12T00:00:00.000Z,defi,399,1285
2024-07-06T00:00:00.000Z,nft,184,1286
2024-04-04T00:00:00.000Z,dapp,47947,1287
2024-07-09T00:00:00.000Z,dapp,25159,1288
2024-03-10T00:00:00.000Z,dapp,44959,1289
2024-08-05T00:00:00.000Z,defi,403,1290
2024-02-11T00:00:00.000Z,dapp,15764,1291
2024-03-26T00:00:00.000Z,nft,4561,1292
2024-01-05T00:00:00.000Z,dex,599,1293
2024-07-14T00:00:00.000Z,dex,233,1294
2024-03-05T00:00:00.000Z,nft,1166,1295
2024-01-24T00:00:00.000Z,defi,640,1296
2024-04-12T00:00:00.000Z,nft,1298,1297
2024-06-16T00:00:00.000Z,bridge,104,1298
2024-01-18T00:00:00.000Z,dex,541,1299
2024-08-13T00:00:00.000Z,bridge,45,1300
2024-07-17T00:00:00.000Z,bridge,85,1301
2024-05-27T00:00:00.000Z,dex,1405,1302
2024-07-25T00:00:00.000Z,nft,154,1303
2024-03-13T00:00:00.000Z,dapp,40204,1304
2024-03-28T00:00:00.000Z,dapp,37140,1305
2024-06-28T00:00:00.000Z,game,23726,1306
2024-03-18T00:00:00.000Z,dapp,48687,1307
2024-05-05T00:00:00.000Z,dex,671,1308
2024-06-24T00:00:00.000Z,game,5702,1309
2024-05-18T00:00:00.000Z,dex,1644,1310
2024-07-31T00:00:00.000Z,game,2966,1311
2024-03-16T00:00:00.000Z,nft,33939,1312
2024-06-02T00:00:00.000Z,dex,896,1313
2024-04-15T00:00:00.000Z,dex,2264,1314
2024-04-05T00:00:00.000Z,defi,1442,1315
2024-02-16T00:00:00.000Z,defi,777,1316
2024-07-29T00:00:00.000Z,defi,300,1317
2024-05-08T00:00:00.000Z,nft,304,1318
2024-02-18T00:00:00.000Z,bridge,514,1319
2024-05-20T00:00:00.000Z,nft,970,1320
2024-09-12T00:00:00.000Z,game,603,1321
2024-08-06T00:00:00.000Z,bridge,49,1322
2024-05-22T00:00:00.000Z,bridge,159,1323
2024-07-23T00:00:00.000Z,game,68,1324
2024-06-23T00:00:00.000Z,defi,376,1325
2024-06-27T00:00:00.000Z,dex,735,1326
2024-07-08T00:00:00.000Z,nft,126,1327
2024-07-29T00:00:00.000Z,bridge,141,1328
2024-09-13T00:00:00.000Z,game,26255,1329
2024-06-25T00:00:00.000Z,game,7670,1330
2024-08-02T00:00:00.000Z,game,3002,1331
2024-03-30T00:00:00.000Z,bridge,5342,1332
2024-08-13T00:00:00.000Z,dapp,26148,1333
2024-03-18T00:00:00.000Z,bridge,4567,1334
2024-09-10T00:00:00.000Z,dex,553,1335
2024-01-22T00:00:00.000Z,nft,929,1336
2024-01-09T00:00:00.000Z,dex,556,1337
2024-03-19T00:00:00.000Z,dapp,45936,1338
2024-02-15T00:00:00.000Z,bridge,479,1339
2024-01-27T00:00:00.000Z,bridge,1034,1340
2024-04-04T00:00:00.000Z,nft,835,1341
2024-05-06T00:00:00.000Z,bridge,396,1342
2024-04-24T00:00:00.000Z,nft,759,1343
2024-01-29T00:00:00.000Z,dex,764,1344
2024-09-07T00:00:00.000Z,dex,272,1345
2024-08-19T00:00:00.000Z,nft,30,1346
2024-06-10T00:00:00.000Z,bridge,232,1347
2024-08-09T00:00:00.000Z,nft,39,1348
2024-08-04T00:00:00.000Z,dex,227,1349
2024-05-23T00:00:00.000Z,defi,805,1350
2024-06-18T00:00:00.000Z,defi,821,1351
2024-02-18T00:00:00.000Z,defi,955,1352
2024-08-12T00:00:00.000Z,bridge,41,1353
2024-04-20T00:00:00.000Z,nft,495,1354
2024-03-27T00:00:00.000Z,dex,5297,1355
2024-08-27T00:00:00.000Z,dex,342,1356
2024-04-25T00:00:00.000Z,nft,551,1357
2024-05-02T00:00:00.000Z,dapp,7558,1358
2024-04-07T00:00:00.000Z,dex,2457,1359
2024-04-24T00:00:00.000Z,defi,1320,1360
2024-07-25T00:00:00.000Z,dex,642,1361
2024-01-06T00:00:00.000Z,defi,404,1362
2024-04-26T00:00:00.000Z,nft,474,1363
2024-05-08T00:00:00.000Z,bridge,277,1364
2024-01-23T00:00:00.000Z,nft,461,1365
2024-01-02T00:00:00.000Z,bridge,727,1366
2024-06-13T00:00:00.000Z,nft,303,1367
2024-08-20T00:00:00.000Z,defi,240,1368
2024-07-17T00:00:00.000Z,nft,81,1369
2024-03-14T00:00:00.000Z,bridge,5596,1370
2024-07-15T00:00:00.000Z,bridge,553,1371
2024-09-03T00:00:00.000Z,nft,501,1372
2024-07-22T00:00:00.000Z,dapp,43570,1373
2024-06-19T00:00:00.000Z,dapp,84380,1374
2024-04-26T00:00:00.000Z,defi,1618,1375
2024-04-08T00:00:00.000Z,dapp,37586,1376
2024-03-29T00:00:00.000Z,dex,4882,1377
2024-02-25T00:00:00.000Z,dapp,46676,1378
2024-01-23T00:00:00.000Z,defi,899,1379
2024-02-10T00:00:00.000Z,dapp,28599,1380
2024-08-06T00:00:00.000Z,game,2604,1381
2024-03-19T00:00:00.000Z,bridge,4616,1382
2024-08-29T00:00:00.000Z,game,12805,1383
2024-01-13T00:00:00.000Z,nft,211,1384
2024-02-10T00:00:00.000Z,dex,1145,1385
2024-05-31T00:00:00.000Z,nft,769,1386
2024-04-22T00:00:00.000Z,defi,1676,1387
2024-04-19T00:00:00.000Z,bridge,1889,1388
2024-05-03T00:00:00.000Z,bridge,470,1389
2024-02-27T00:00:00.000Z,bridge,431,1390
2024-02-09T00:00:00.000Z,defi,710,1391
2024-03-03T00:00:00.000Z,dapp,48372,1392
2024-03-09T00:00:00.000Z,dex,7263,1393
2024-01-15T00:00:00.000Z,bridge,992,1394
2024-06-06T00:00:00.000Z,bridge,127,1395
2024-08-13T00:00:00.000Z,dex,860,1396
2024-08-17T00:00:00.000Z,bridge,47,1397
