"DATE","Transactions","Sales","Cumulative Sales","Cumulative Transactions","Buyers","Sellers","Collections","Platforms","Volume (APT)","Avg Price (APT)","Median Price (APT)","Max Price (APT)","Min Price (APT)","Platform Fees (APT)","AVG_7_DAY_MOVING","AVG_14_DAY_MOVING","AVG_30_DAY_MOVING","DAY","AVG_PRICE","Volume (USD)"
"2024-01-01 00:00:00.000","1802","2453","2453","1802","582","517","2364","6","4050.73059302","1.65133738","0.069","68","0.0001","224.86272683","4050.73059302","4050.73059302","4050.73059302","2024-01-01 00:00:00.000","9.53994074","38643.729810759"
"2024-01-02 00:00:00.000","1947","4137","6590","3749","912","774","3833","6","6757.68839031","1.63347556","0.0741","77","0.00007219","424.01939424","5404.209491665","5404.209491665","5404.209491665","2024-01-02 00:00:00.000","10.131267376","68463.947925526"
"2024-01-03 00:00:00.000","2067","4181","10771","5816","934","762","3950","6","16091.48274169","3.848716274","0.088","100","4.9E-07","850.46968098","8966.63390834","8966.63390834","8966.63390834","2024-01-03 00:00:00.000","9.670440906","155611.732942333"
"2024-01-04 00:00:00.000","2013","3368","14139","7829","786","899","3112","6","9844.88555764","2.923065783","0.095","111","4.9E-07","593.12486615","9186.196820665","9186.196820665","9186.196820665","2024-01-04 00:00:00.000","9.95044009","97960.943938445"
"2024-01-05 00:00:00.000","3803","6320","20459","11632","807","900","5980","5","5619.05055579","0.8890902778","0.085000825","95","4.7E-07","410.88012786","8472.76756769","8472.76756769","8472.76756769","2024-01-05 00:00:00.000","10.282479731","57777.773447373"
"2024-01-06 00:00:00.000","1786","3059","23518","13418","616","660","2921","7","4636.01600787","1.515533183","0.1","97.6","0.000101","319.80361221","7833.308974387","7833.308974387","7833.308974387","2024-01-06 00:00:00.000","9.214529241","42718.70506706"
"2024-01-07 00:00:00.000","2200","4319","27837","15618","555","656","4177","5","4944.57754066","1.144843144","0.093","96","4.9E-07","303.18198256","7420.633055283","7420.633055283","7420.633055283","2024-01-07 00:00:00.000","9.00116568","44506.961658689"
"2024-01-08 00:00:00.000","1599","2275","30112","17217","553","496","2125","5","4079.55977518","1.793213088","0.1021","72.98999999","4.7E-07","215.82157451","7002.99889527","7002.99889527","7002.99889527","2024-01-08 00:00:00.000","8.417054037","34337.875076379"
"2024-01-09 00:00:00.000","1582","3457","33569","18799","560","524","3363","6","3118.84738093","0.9021832169","0.0538","66","0.00086","197.51269077","6886.513493759","6571.426504788","6571.426504788","2024-01-09 00:00:00.000","8.403484131","26209.184471343"
"2024-01-10 00:00:00.000","1867","2723","36292","20666","605","533","2640","6","4398.03792723","1.615144299","0.1","200","0.00086","248.52879158","6591.557185874","6354.087647032","6354.087647032","2024-01-10 00:00:00.000","8.327346372","36623.985175862"
"2024-01-11 00:00:00.000","1718","2207","38499","22384","523","456","2085","7","3096.57394921","1.403069302","0.091","80","0.00086","186.04715902","4967.193586814","6057.950038139","6057.950038139","2024-01-11 00:00:00.000","9.216011662","28538.061628089"
"2024-01-12 00:00:00.000","1378","2304","40803","23762","598","515","2160","5","2427.98220901","1.053811723","0.085","72","0.001","123.09832887","4040.080668235","5755.452719045","5755.452719045","2024-01-12 00:00:00.000","9.512056778","23095.104627948"
"2024-01-13 00:00:00.000","1488","3970","44773","25250","612","543","3595","5","2772.17214023","0.6982801361","0.01","100","0.000901","142.40541348","3684.22086629","5525.969597598","5525.969597598","2024-01-13 00:00:00.000","9.501357329","26339.398082271"
"2024-01-14 00:00:00.000","1638","2654","47427","26888","607","504","2359","5","2405.24370868","0.9062711789","0.02","62.5","4.4E-07","119.69080838","3405.374328891","5303.060605532","5303.060605532","2024-01-14 00:00:00.000","9.775345081","23512.087257314"
"2024-01-15 00:00:00.000","2574","3556","50983","29462","686","579","3316","5","2703.81841303","0.7603538844","0.055","77.7","4.9E-07","119.47910779","3125.279437937","5129.777792699","5129.777792699","2024-01-15 00:00:00.000","9.940743751","26877.965994421"
"2024-01-16 00:00:00.000","1931","2771","53754","31393","558","416","2713","5","1768.24957073","0.638126875","0.084","75","0.004","95.07657775","2836.365662381","4977.612391213","4919.682278826","2024-01-16 00:00:00.000","9.43825239","16689.185736212"
"2024-01-17 00:00:00.000","1281","1822","55576","32674","416","387","1792","5","1437.56897646","0.7890060244","0.062","57.6","0.0008","68.30874888","2626.205861822","4622.937763623","4714.852084569","2024-01-17 00:00:00.000","9.311731674","13386.256571477"
"2024-01-18 00:00:00.000","1051","1962","57538","33725","407","406","1916","6","1986.36951712","1.012420753","0.0661","53","0.000001","93.13562834","2324.747310559","3682.596881985","4563.269719711","2024-01-18 00:00:00.000","9.149188647","18173.669435706"
"2024-01-19 00:00:00.000","899","1261","58799","34624","350","302","1179","5","1401.44225969","1.111373719","0.066","88","4E-07","60.7140296","2112.855849369","3119.700662121","4396.857748131","2024-01-19 00:00:00.000","8.565337873","12003.826464257"
"2024-01-20 00:00:00.000","1095","1706","60505","35719","403","394","1667","5","1948.68596974","1.142254379","0.0661","199","0.0001","102.08775278","2052.94381946","2875.009689718","4274.449159211","2024-01-20 00:00:00.000","8.468367944","16502.189799033"
"2024-01-21 00:00:00.000","2289","5464","65969","38008","1366","450","4640","5","2398.65672128","0.4389928114","0.0117","415","0.001","111.3600447","2006.254392091","2725.852403945","4185.125709786","2024-01-21 00:00:00.000","8.560502442","20533.706721173"
"2024-01-22 00:00:00.000","2084","3758","69727","40092","1305","398","3453","6","1942.10900305","0.5167932419","0.0299","60","0.001","87.97022169","1948.362553887","2525.687834771","4083.170404934","2024-01-22 00:00:00.000","8.244402829","16011.528958844"
"2024-01-23 00:00:00.000","1497","2798","72525","41589","724","392","2515","6","2116.42525374","0.7564064524","0.02235","51","4.9E-07","86.35131564","1874.938408976","2394.812200009","3997.659746187","2024-01-23 00:00:00.000","8.053852971","17045.377818575"
"2024-01-24 00:00:00.000","2003","2279","74804","43592","729","446","2127","5","2510.65989076","1.101649798","0.069","99","0.00001","107.71510817","1967.73969898","2354.266367331","3935.701418877","2024-01-24 00:00:00.000","8.572874597","21523.572400272"
"2024-01-25 00:00:00.000","17692","19906","94710","61284","10220","9555","11105","6","5169.62013338","0.2597016042","0.08","47","1E-07","280.08644149","2434.246093595","2405.705181074","3985.058167457","2024-01-25 00:00:00.000","8.388335188","43364.50647154"
"2024-01-26 00:00:00.000","16518","18550","113260","77802","9590","9034","9589","6","4199.98460743","0.2264142646","0.09","90","4.9E-07","285.84915327","2710.947979884","2479.265891622","3993.324568995","2024-01-26 00:00:00.000","8.551314317","35915.388504239"
"2024-01-27 00:00:00.000","14701","16240","129500","92503","8800","7916","8543","6","3485.03783706","0.2145959259","0.085","90","0","269.60475776","2971.397427055","2549.736266825","3974.499134479","2024-01-27 00:00:00.000","8.906898828","31040.87942751"
"2024-01-28 00:00:00.000","16364","18466","147966","108867","9583","8766","10186","7","4044.93407494","0.2190476592","0.07099999","130","1E-07","290.53141288","3233.428440205","2634.587062473","3977.014668066","2024-01-28 00:00:00.000","9.019387707","36482.828672786"
"2024-01-29 00:00:00.000","14910","15772","163738","123777","9181","7995","8125","6","4204.84852454","0.2666021129","0.0774","130","4.9E-07","257.6398411","3459.202415612","2754.560716863","3984.871007945","2024-01-29 00:00:00.000","9.11848769","38341.859510628"
"2024-01-30 00:00:00.000","14788","15754","179492","138565","8839","7791","8135","7","3790.31545349","0.2405938462","0.078","111","1E-07","443.84246168","3690.228221917","2826.993852894","3978.385822796","2024-01-30 00:00:00.000","9.233443766","34997.664596559"
"2024-01-31 00:00:00.000","19564","22073","201565","158129","14260","12746","9892","6","4607.41338908","0.2087352598","0.0154","93","0","387.2813897","4001.601738835","3016.271440784","3998.677034612","2024-01-31 00:00:00.000","8.96837695","41321.020036199"
"2024-02-01 00:00:00.000","17171","19134","220699","175300","13003","12005","8390","7","2597.17270086","0.135736004","0.00988888","76.9","4.9E-07","244.52191326","4012.415840097","3093.578355744","3951.788070349","2024-02-01 00:00:00.000","8.974042902","23307.139240588"
"2024-02-02 00:00:00.000","26842","27959","248658","202142","21959","18629","9975","6","2302.85272129","0.08236534645","0.0019","80","0","219.00794597","3654.069913586","3114.677236022","3808.083693929","2024-02-02 00:00:00.000","9.306804244","21432.199480526"
"2024-02-03 00:00:00.000","19626","20979","269637","221768","15854","13653","8257","6","4304.77878067","0.2051946604","0.0022","100","1E-07","339.61425772","3667.169185241","3308.233004087","3427.867437122","2024-02-03 00:00:00.000","9.501811821","40903.19790315"
"2024-02-04 00:00:00.000","22692","23534","293171","244460","18098","15235","9726","6","3628.77332153","0.1541927986","0.002485","100","0","219.91162183","3685.1361208","3420.23882754","3227.34768757","2024-02-04 00:00:00.000","8.987482821","32613.537887566"
"2024-02-05 00:00:00.000","20567","21517","314688","265027","16030","15805","8867","7","3498.75628042","0.1626042794","0.0022","86","1E-07","192.69952105","3616.863896485","3493.578798149","3158.951098042","2024-02-05 00:00:00.000","8.852188306","30971.649432555"
"2024-02-06 00:00:00.000","10442","13342","328030","275469","6629","7744","8365","6","2963.85284275","0.2221445692","0.017","86.9899995","4.9E-07","177.01976055","3461.739436261","3561.695054129","3105.01035078","2024-02-06 00:00:00.000","8.619521425","25546.993078012"
"2024-02-07 00:00:00.000","4318","4733","332763","279787","2873","2790","2846","6","1734.82661671","0.3665384781","0.0178","99","4.9E-07","75.07186296","3204.803331664","3536.255144994","3001.469998394","2024-02-07 00:00:00.000","8.6291387","14970.059496571"
"2024-02-08 00:00:00.000","2055","2660","335423","281842","923","795","2398","6","2465.05259818","0.9267115031","0.055","150","0.001","176.66575076","2937.008232801","3533.214658822","2949.389121717","2024-02-08 00:00:00.000","8.83380734","21775.799735356"
"2024-02-09 00:00:00.000","1615","2121","337544","283457","703","638","1892","6","2263.53659337","1.067202543","0.061","95","0.0001","108.34986524","2895.303719365","3339.475756155","2921.79845115","2024-02-09 00:00:00.000","8.938154665","20231.840161312"
"2024-02-10 00:00:00.000","1275","1512","339056","284732","656","634","1361","6","3657.36459285","2.418891926","0.0542","269","0.00001","163.76868658","3064.61770331","3303.301088516","2897.905762945","2024-02-10 00:00:00.000","9.118506501","33349.70281812"
"2024-02-11 00:00:00.000","1247","1538","340594","285979","771","643","1369","5","3846.46094412","2.500949899","0.049","123.4","1E-08","168.73166799","3007.327973741","3327.39596232","2922.095666006","2024-02-11 00:00:00.000","9.116354731","35065.702427167"
"2024-02-12 00:00:00.000","1362","1730","342324","287341","733","625","1506","5","2041.70553479","1.18017661","0.0402","111","0.0001","116.75222472","2808.944500399","3193.847392977","2909.635128128","2024-02-12 00:00:00.000","9.031351436","18439.360214299"
"2024-02-13 00:00:00.000","1928","2492","344816","289269","885","924","2147","5","2223.09038338","0.8920908441","0.055","120","0.0003","78.54372411","2649.486263269","3061.730183566","2891.922813391","2024-02-13 00:00:00.000","9.13485483","20307.607926875"
"2024-02-14 00:00:00.000","1288","1454","346270","290557","638","679","1192","5","2642.62235393","1.817484425","0.05135","120.5","0.0001","85.2902972","2609.332452166","2985.217310262","2899.580189044","2024-02-14 00:00:00.000","9.344640511","24694.355904813"
"2024-02-15 00:00:00.000","1317","1884","348154","291874","660","614","1623","5","2334.47508681","1.239105672","0.054","114.9999995","0.000001","92.53935477","2684.288510929","2833.688090111","2887.665888198","2024-02-15 00:00:00.000","10.060922498","23486.972922346"
"2024-02-16 00:00:00.000","1186","1354","349508","293060","564","483","1216","5","1858.27908486","1.372436547","0.045","90.9","0.00009803","81.30565982","2608.441821764","2784.428515711","2890.570066074","2024-02-16 00:00:00.000","10.028905647","18636.505608095"
"2024-02-17 00:00:00.000","1570","1952","351460","294630","964","577","1761","5","2042.9579626","1.046597317","0.0194","100","0.00055","89.84784756","2580.869492917","2767.102198465","2910.098743046","2024-02-17 00:00:00.000","9.57701197","19565.43286167"
"2024-02-18 00:00:00.000","1711","2169","353629","296341","1070","643","1873","5","2614.48526089","1.205387396","0.0199","99.9999995","0.00000149","96.01932525","2450.509576422","2654.415963813","2930.360541232","2024-02-18 00:00:00.000","9.644563781","25215.569854102"
"2024-02-19 00:00:00.000","1352","1988","355617","297693","725","652","1529","6","2099.92104563","1.056298313","0.019","102.69","0.0001","96.5900686","2232.192089111","2552.492478753","2952.892114972","2024-02-19 00:00:00.000","9.914330517","20819.311304987"
"2024-02-20 00:00:00.000","1345","1619","357236","299038","759","696","1286","5","2731.80947607","1.687343716","0.0176","108.3999995","0.00055","123.67742064","2318.455081771","2501.362691796","2978.154163563","2024-02-20 00:00:00.000","9.791314002","26748.004373331"
"2024-02-21 00:00:00.000","1444","1655","358891","300482","689","664","1468","5","1510.51711119","0.9126991608","0.03","108.84999951","0.0001","53.51078878","2229.383422747","2404.473643025","2949.504498722","2024-02-21 00:00:00.000","9.259595179","13986.776960404"
"2024-02-22 00:00:00.000","1633","1916","360807","302115","913","770","1732","6","1573.52319183","0.8212542755","0.05775","106.99999951","4.9E-07","58.93157665","2095.746027485","2393.720081367","2937.614633844","2024-02-22 00:00:00.000","9.246898038","14550.208515083"
"2024-02-23 00:00:00.000","1299","1529","362336","303414","660","622","1317","5","1586.26850124","1.037454873","0.0615","101.98999951","0.0001","70.69676227","2002.220204289","2335.134474904","2920.512803118","2024-02-23 00:00:00.000","9.169640981","14545.512656021"
"2024-02-24 00:00:00.000","1162","2023","364359","304576","619","573","1840","6","1739.457236","0.8598404528","0.016","102.9599995","0.00001049","90.36147576","1987.367473181","2300.195851079","2895.635298125","2024-02-24 00:00:00.000","9.335099935","16238.007130325"
"2024-02-25 00:00:00.000","1125","1337","365696","305701","637","578","1183","5","1236.81903379","0.9250703319","0.045","96.88","0.00055","58.01586712","1886.60010708","2138.826147142","2768.770746526","2024-02-25 00:00:00.000","9.501343749","11751.44279585"
"2024-02-26 00:00:00.000","1113","1387","367083","306814","742","503","1308","6","4359.62683619","3.143206082","0.05","125","0.0001","136.69090149","2104.742803992","2173.037206613","2773.920495841","2024-02-26 00:00:00.000","9.731284891","42424.770759329"
"2024-02-27 00:00:00.000","1622","1897","368980","308436","745","536","1794","5","3194.69253506","1.684076191","0.05","145","0.00011","111.49513298","2241.589240171","2249.903006631","2764.554518357","2024-02-27 00:00:00.000","10.036994409","32065.111112603"
"2024-02-28 00:00:00.000","1827","2186","371166","310263","1316","738","2010","6","3843.42466801","1.758199757","0.070499995","148","0.00055","217.24429214","2380.541139164","2357.925292273","2758.054214907","2024-02-28 00:00:00.000","11.058874804","42503.952221035"
"2024-02-29 00:00:00.000","1401","1677","372843","311664","976","573","1604","6","2453.72564305","1.46316377","0.048","149.9","0.0001","108.98191204","2498.442205646","2345.332178215","2701.566380021","2024-02-29 00:00:00.000","12.133719146","29772.817814089"
"2024-03-01 00:00:00.000","1422","1636","374479","313086","933","450","1544","5","1405.89333346","0.8593480033","0.01518","115.00000049","0.0001","62.87633443","2477.48847335","2283.426727991","2624.649537439","2024-03-01 00:00:00.000","11.684661299","16427.3874234"
"2024-03-02 00:00:00.000","1124","1216","375695","314210","728","438","1145","5","1759.15151746","1.446670656","0.04","113","0.00026","82.81248168","2499.098850377","2276.818223498","2532.770122225","2024-03-02 00:00:00.000","11.958767459","21037.283922119"
"2024-03-03 00:00:00.000","1586","1692","377387","315796","1128","426","1589","5","1486.39182824","0.878482168","0.014","129","4.9E-07","43.35364791","2467.465674408","2239.713814541","2496.938481173","2024-03-03 00:00:00.000","11.796580147","17534.34033213"
"2024-03-04 00:00:00.000","1822","1947","379334","317618","1175","719","1785","5","1969.60313182","1.01160921","0.0146","127.9899995","4.9E-07","56.01290471","2559.063686661","2196.721672603","2486.188494416","2024-03-04 00:00:00.000","11.88276032","23404.321940958"
"2024-03-05 00:00:00.000","2052","2298","381632","319670","998","853","2113","5","1628.81483819","0.7087967094","0.025","116.5","4.9E-07","83.77514454","2217.712186911","2165.314592107","2399.867076917","2024-03-05 00:00:00.000","12.542024819","20428.636126059"
"2024-03-06 00:00:00.000","2084","2444","384076","321754","823","635","2267","5","1639.25252371","0.6707252552","0.025","106.95","0.001","87.41257411","2023.282185492","2092.477461949","2335.688986665","2024-03-06 00:00:00.000","13.572966839","22249.520145447"
"2024-03-07 00:00:00.000","2488","3087","387163","324242","1038","1055","2885","7","2037.45350543","0.6600108537","0.075","113.97","0.00011","90.84511867","1797.53579017","2127.606554899","2288.550187471","2024-03-07 00:00:00.000","13.515556097","27537.317148047"
"2024-03-08 00:00:00.000","2155","2863","390026","326397","1175","1120","2416","5","2796.41891894","0.9767442958","0.098","55","0.00001","126.9989566","1840.372449656","2209.132936706","2283.149093155","2024-03-08 00:00:00.000","13.23449671","37009.196981728"
"2024-03-09 00:00:00.000","2470","2924","392950","328867","1777","759","2611","6","1116.32517932","0.3817801571","0.013","87.11400001","0.00001","62.52612527","1804.176430389","2177.803381911","2263.197433884","2024-03-09 00:00:00.000","13.415115809","14975.631560695"
"2024-03-10 00:00:00.000","3704","4068","397018","332571","2910","1004","3845","5","2541.24848397","0.624692351","0.0018","100","0.00000149","99.13153087","1901.938551202","2231.256131776","2265.655365684","2024-03-10 00:00:00.000","13.020192493","33087.544433522"
"2024-03-11 00:00:00.000","2474","3088","400106","335045","1542","1036","2878","5","1388.66838623","0.4496983116","0.0152","75.015","0.001","69.20210205","1889.723120951","2241.379421939","2237.433810615","2024-03-11 00:00:00.000","13.096398737","18186.55489994"
"2024-03-12 00:00:00.000","2887","3347","403453","337932","1370","1121","3023","5","1179.61060477","0.3524381849","0.0193","75","0.0005","67.63888985","1790.97405507","2029.378339844","2157.506262612","2024-03-12 00:00:00.000","13.243216157","15621.838219907"
"2024-03-13 00:00:00.000","4180","4514","407967","342112","2521","1453","4222","5","2139.73935952","0.4740228975","0.0132","99","0.001","67.96713362","1854.839620236","1959.048128141","2102.450727625","2024-03-13 00:00:00.000","13.057203267","27939.01175628"
"2024-03-14 00:00:00.000","6035","6822","414789","348147","4821","2814","6480","5","8745.55872136","1.281964046","0.015","100","4.9E-07","531.21430437","2743.127894943","2285.857065031","2318.704056224","2024-03-14 00:00:00.000","13.300820064","116323.102913993"
"2024-03-15 00:00:00.000","4636","5584","420373","352783","2777","2184","4921","6","4057.38855619","0.7266096985","0.02","99.9","0","241.82919975","2995.619776288","2392.767925907","2377.874965025","2024-03-15 00:00:00.000","13.652275108","55392.584789687"
"2024-03-16 00:00:00.000","37007","38567","458940","389790","34626","34045","6276","5","6982.2364156","0.1810417304","0.0044","88","0.0005","447.23851369","3518.84696337","2764.524131383","2517.862515401","2024-03-16 00:00:00.000","14.275458386","99674.625393147"
"2024-03-17 00:00:00.000","4606","5652","464592","394396","3169","1421","5139","5","7120.81420504","1.259875125","0.018032","113.4899995","0","385.52780992","4269.408091585","3121.968310555","2672.260551473","2024-03-17 00:00:00.000","13.918601216","99111.773251624"
"2024-03-18 00:00:00.000","4655","5064","469656","399051","3013","1410","4467","6","3334.49697896","0.6584709674","0.0101","115","0.0001","204.30371039","4368.564153459","3245.175320603","2719.880483541","2024-03-18 00:00:00.000","14.23456891","47465.127027448"
"2024-03-19 00:00:00.000","4669","5200","474856","403720","3620","1142","4553","5","3751.58687489","0.7214590144","0.0034","107.7","0.0001","216.49417902","4663.928964541","3363.974236808","2774.997545227","2024-03-19 00:00:00.000","14.58668628","54723.220794718"
"2024-03-20 00:00:00.000","5019","5685","480541","408739","3874","1372","4948","5","3704.0652611","0.6515506176","0.00278","104","4.9E-07","198.35701535","4979.485796583","3502.324265002","2810.14528717","2024-03-20 00:00:00.000","14.438516375","53481.206928157"
"2024-03-21 00:00:00.000","24139","24794","505335","432878","22830","21111","4395","6","4472.93633415","0.1804039822","0.0029","103.84","0","272.86820719","5271.135418411","3691.236519031","2886.694167445","2024-03-21 00:00:00.000","14.595720924","65285.730446164"
"2024-03-22 00:00:00.000","22814","23797","529132","455692","21975","21094","3224","7","3211.98018511","0.1349741642","0.0029","137","0.00055","182.87943448","4579.43810138","3769.538297677","2902.183545155","2024-03-22 00:00:00.000","14.901332082","47862.783378493"
"2024-03-23 00:00:00.000","3614","5897","535029","459306","2160","2419","5175","6","5523.43735828","0.9366520872","0.049","150","0","319.44281827","4762.694201641","3951.339526966","3031.632585384","2024-03-23 00:00:00.000","14.904961","82326.618410584"
"2024-03-24 00:00:00.000","33626","34792","569821","492932","32187","31720","4072","6","5014.47245883","0.1441271689","0.0022","120","0.00008999","270.82919675","4516.723707045","4211.216012267","3142.630948836","2024-03-24 00:00:00.000","15.092940798","75683.135954412"
"2024-03-25 00:00:00.000","3452","4575","574396","496384","1903","1741","4301","6","5956.04948294","1.301868739","0.0369","138.88","0.0001","243.39561321","4371.128116783","4438.869412198","3283.591625665","2024-03-25 00:00:00.000","15.127911272","90102.588111551"
"2024-03-26 00:00:00.000","2616","3922","578318","499000","1412","1607","3632","7","5526.56438799","1.409118916","0.09","106","4.9E-07","403.06317128","4645.136542911","4714.729145649","3405.756372503","2024-03-26 00:00:00.000","15.997927457","88413.576162839"
"2024-03-27 00:00:00.000","2559","5849","584167","501559","1010","3204","5654","6","3907.16668951","0.6680059308","0.1158","105","4.9E-07","209.83064119","4664.584019739","4896.566217965","3491.896619462","2024-03-27 00:00:00.000","16.026084087","62616.581909481"
"2024-03-28 00:00:00.000","3003","3945","588112","504562","1765","1650","3678","6","3586.44874563","0.909112483","0.2","100","0.000999","189.29550707","4649.881955305","4993.013510372","3466.955390734","2024-03-28 00:00:00.000","15.785964641","56615.553084557"
"2024-03-29 00:00:00.000","2192","3474","591586","506754","1256","1814","3326","5","3938.01258086","1.133567237","0.191","100","0.0001","206.99228171","4583.016486144","4672.510434339","3490.933456728","2024-03-29 00:00:00.000","15.504472279","61056.80689552"
"2024-03-30 00:00:00.000","2391","3441","595027","509145","1140","1321","3198","5","7437.08492072","2.161315002","0.179","130","0.0001","208.69725377","5111.154578095","4897.823525307","3606.857981009","2024-03-30 00:00:00.000","15.516567291","115398.028618569"
"2024-03-31 00:00:00.000","1751","3059","598086","510896","909","1091","2913","6","3003.73828561","0.9819347125","0.164","108","0.0001","129.78000334","4796.192194011","4632.590316641","3624.600324317","2024-03-31 00:00:00.000","14.746833531","44295.628467919"
"2024-04-01 00:00:00.000","2675","4484","602570","513571","1283","1108","4001","6","2201.67506562","0.4910069281","0.121","91.0003","0","95.99515287","4444.59251986","4304.647707347","3650.270702774","2024-04-01 00:00:00.000","16.673710508","36710.09267587"
"2024-04-02 00:00:00.000","1813","2667","605237","515384","960","824","2436","5","2756.47462377","1.03354879","0.12","107.2","0.0001","111.91193073","4044.645662464","4266.112883667","3682.442415881","2024-04-02 00:00:00.000","15.471247836","42646.102059283"
"2024-04-03 00:00:00.000","2753","3525","608762","518137","1449","1492","3059","6","3198.38598107","0.9073435407","0.116","120","0.00005","129.22038931","3753.623361599","4229.232824079","3737.668033714","2024-04-03 00:00:00.000","14.415045733","46104.880189777"
"2024-04-04 00:00:00.000","1736","2373","611135","519873","1100","993","2183","6","2571.69785592","1.083732767","0.0981","120","0.00011","114.61927353","3586.6897574","4153.741663734","3757.090444169","2024-04-04 00:00:00.000","14.271660912","36702.399767284"
"2024-04-05 00:00:00.000","2343","2970","614105","522216","1282","1102","2649","5","3308.40558476","1.113941274","0.12945","117","0.0001","153.68119754","3551.934362291","4076.106280441","3811.270790832","2024-04-05 00:00:00.000","13.314153565","44048.62000977"
"2024-04-06 00:00:00.000","3101","3938","618043","525317","1082","1131","2685","5","3016.52925636","0.7660053978","0.18","117.89999951","0.0001","120.40846183","3436.748946729","4063.076218525","3855.699072531","2024-04-06 00:00:00.000","13.191332745","39792.041154828"
"2024-04-07 00:00:00.000","1642","2272","620315","526959","1005","1033","2179","5","2990.27493445","1.316142137","0.07","91.00010049","4.9E-07","124.44087076","2880.897698445","3894.198723603","3886.43524766","2024-04-07 00:00:00.000","13.564948717","40562.926134723"
"2024-04-08 00:00:00.000","2308","3435","623750","529267","1003","747","2531","6","3554.5640357","1.03480758","0.0899","100","0.0001","138.00557396","2949.750917206","3796.871495394","3910.891541749","2024-04-08 00:00:00.000","13.865990736","49287.551989435"
"2024-04-09 00:00:00.000","3823","4776","628526","533090","1124","1015","2419","5","5439.59854738","1.138944419","0.535846315","108","0.0001","223.82462914","3354.491352426","3762.441433023","4050.351972977","2024-04-09 00:00:00.000","13.659808956","74303.876952088"
"2024-04-10 00:00:00.000","3246","3981","632507","536336","1330","892","2623","5","5038.21392414","1.265564914","0.20999","118","4.9E-07","246.38013724","3639.708764972","3729.884735433","4130.899245241","2024-04-10 00:00:00.000","12.292852594","61934.021104803"
"2024-04-11 00:00:00.000","3842","5680","638187","540178","1490","942","3801","5","3460.15204386","0.6091816979","0.05","69","0.0001","132.38978417","3672.429522821","3700.083759057","4197.721298713","2024-04-11 00:00:00.000","12.124130679","41951.335549067"
"2024-04-12 00:00:00.000","3598","4088","642275","543776","1061","1090","2257","5","3086.26147662","0.7549563299","0.546537975","120","0.001","127.59293677","3736.749975409","3666.737941123","4259.226165546","2024-04-12 00:00:00.000","11.448077376","35331.760185714"
"2024-04-13 00:00:00.000","1527","1995","644270","545303","1124","886","1932","5","3969.95261847","1.989951187","0.0494","141.8999995","0.0001","162.37354519","3819.443354622","3668.867276963","4318.265302932","2024-04-13 00:00:00.000","9.634710819","38249.345443626"
"2024-04-14 00:00:00.000","3698","4084","648354","549001","1053","655","1669","5","3779.47690039","0.9254350882","0.568622435","129.94999999","0.001","144.24019629","3914.811810126","3425.026742275","4158.069115159","2024-04-14 00:00:00.000","9.147224149","34571.722372313"
"2024-04-15 00:00:00.000","3344","3702","652056","552345","1120","810","1612","5","4261.34076106","1.151091508","0.56999999","138","0.0001","177.66604007","4073.695038452","3508.866907305","4164.648218542","2024-04-15 00:00:00.000","9.474963434","40376.047890757"
"2024-04-16 00:00:00.000","5224","5848","657904","557569","1346","1041","2326","6","4866.5953222","0.8321811426","0.565920465","139.9899995","0.0001","165.50670061","4237.698949265","3686.528257743","4096.401731658","2024-04-16 00:00:00.000","9.018636608","43890.054731429"
"2024-04-17 00:00:00.000","3985","4280","662184","561554","970","743","1497","5","4892.12080187","1.143018879","0.565488365","140","4.9E-07","167.90543685","4169.264231076","3828.904669617","4024.508396072","2024-04-17 00:00:00.000","9.243818311","45221.875848074"
"2024-04-18 00:00:00.000","4214","4661","666845","565768","749","726","1677","5","3009.11494359","0.645594281","0.56","90","4.9E-07","89.09736947","3915.626858507","3816.286600451","4014.012201382","2024-04-18 00:00:00.000","9.242779517","27812.585964159"
"2024-04-19 00:00:00.000","3851","4227","671072","569619","727","824","1548","6","3665.1906877","0.8670902975","0.56563408","140","4.9E-07","123.86470769","3941.256688987","3889.18612257","4011.225227602","2024-04-19 00:00:00.000","9.427160789","34552.341933687"
"2024-04-20 00:00:00.000","744","1037","672109","570363","566","454","1004","6","2080.43970864","2.006209941","0.07","93","4.9E-07","111.75956411","3815.52896799","3807.321730829","3958.850209781","2024-04-20 00:00:00.000","9.741192187","20265.963035887"
"2024-04-21 00:00:00.000","3414","3607","675716","573777","696","593","1007","5","2854.6218843","0.7914116674","0.57070923","118","0.001","89.25226446","3676.112626219","3796.527906025","3906.64651785","2024-04-21 00:00:00.000","10.016564335","28593.503754929"
"2024-04-22 00:00:00.000","3279","3422","679138","577056","693","593","1038","5","3072.63881901","0.8979073112","0.57160906","88.5","0.00011","117.03578816","3587.757866046","3802.018831662","3902.151635073","2024-04-22 00:00:00.000","10.151972415","31193.344531198"
"2024-04-23 00:00:00.000","3046","3362","682500","580102","929","657","1500","5","2218.88379303","0.6599892305","0.565936535","140","4E-07","72.44668619","3332.450745042","3712.973482151","3795.553132968","2024-04-23 00:00:00.000","9.956213239","22091.680195354"
"2024-04-24 00:00:00.000","2867","3153","685653","582969","748","647","1388","5","2204.80024102","0.6992706124","0.56653204","133","0.0001","47.87931396","2999.726359895","3497.320261727","3704.918545296","2024-04-24 00:00:00.000","9.62300094","21216.794791596"
"2024-04-25 00:00:00.000","2709","3515","689168","585678","838","592","1891","5","2306.90366031","0.6563026061","0.525","85.9999995","0.0001","79.98074157","2676.5742172","3315.232910805","3587.204163921","2024-04-25 00:00:00.000","9.027531278","20825.644948466"
"2024-04-26 00:00:00.000","3464","3727","692895","589142","820","815","1575","5","4383.68445766","1.176196527","0.57496655","134","0.00011","117.28896012","2848.395406459","3376.801738391","3550.337069395","2024-04-26 00:00:00.000","8.934618527","39166.548371671"
"2024-04-27 00:00:00.000","788","877","693772","589930","561","345","845","5","907.21629574","1.034454157","0.07249999","117.00010049","0.0001","43.80274198","2503.648607464","3231.532059666","3453.564476047","2024-04-27 00:00:00.000","8.844516345","8023.889356546"
"2024-04-28 00:00:00.000","3598","3906","697678","593528","796","549","1348","5","2539.0711215","0.6500438099","0.570818305","99","0.0001","73.84258016","2560.977534071","3136.139959868","3419.778101075","2024-04-28 00:00:00.000","9.092813209","23087.299431103"
"2024-04-29 00:00:00.000","2041","2273","699951","595569","617","441","1046","5","1873.49555351","0.8242391348","0.56664765","105.00000049","0.001","66.36459171","2438.336742722","3009.074536743","3353.180777612","2024-04-29 00:00:00.000","8.955340207","16777.790057687"
"2024-04-30 00:00:00.000","3035","3213","703164","598604","806","629","1203","5","2237.8055245","0.6964847571","0.56842294","85","4E-07","88.46770917","2333.982580909","2874.172187639","3185.462087412","2024-04-30 00:00:00.000","8.683179151","19431.266273456"
"2024-05-01 00:00:00.000","2760","3568","706732","601364","597","579","1789","5","2664.02954608","0.7466450522","0.562311585","124.9999995","0.001","77.34521551","2389.62580004","2727.334469231","3174.503740975","2024-05-01 00:00:00.000","8.579013633","22854.745794235"
"2024-05-02 00:00:00.000","3100","3271","710003","604464","411","418","676","5","3070.11890706","0.9385872538","0.57595827","122","0.001","94.37207428","2497.790633295","2605.867676243","3202.518058441","2024-05-02 00:00:00.000","8.727263651","26793.737142594"
"2024-05-03 00:00:00.000","2620","2808","712811","607084","337","408","661","5","2235.2696718","0.7960362079","0.600715515","114.93","0.001","60.39321478","2488.836384731","2554.277991457","3185.704995474","2024-05-03 00:00:00.000","8.991332783","20098.053478616"
"2024-05-04 00:00:00.000","2577","2729","715540","609661","406","476","809","5","2469.35450507","0.9048569091","0.61231365","110","0.0000997","73.40282654","2249.545140657","2474.555579282","3162.187851087","2024-05-04 00:00:00.000","9.131586783","22549.124960325"
"2024-05-05 00:00:00.000","1641","1694","717234","611302","360","342","565","5","1864.67783215","1.100754328","0.607902325","129","0.001","60.65724883","2369.227832709","2460.171454183","3139.380753546","2024-05-05 00:00:00.000","9.105433727","16978.70042256"
"2024-05-06 00:00:00.000","3096","3530","720764","614398","524","762","1206","5","2627.77502513","0.7444121884","0.636570225","101.00000049","0.001","67.32544395","2380.315820662","2445.048330238","3117.424929042","2024-05-06 00:00:00.000","9.239482872","24279.282336701"
"2024-05-07 00:00:00.000","2890","3033","723797","617288","464","914","1145","6","2254.46112765","0.7433106257","0.63538781","114.9","0.00011","68.16298995","2427.93651743","2390.503150814","3092.84208618","2024-05-07 00:00:00.000","9.001672717","20293.921223504"
"2024-05-08 00:00:00.000","3173","3299","727096","620461","476","1221","2334","5","2131.67237304","0.6461571304","0.04","106.0001005","0.0001","93.72175787","2414.669873497","2384.689056148","3065.145229361","2024-05-08 00:00:00.000","8.672846729","18487.66776682"
"2024-05-09 00:00:00.000","4506","4587","731683","624967","441","1640","2176","5","2656.00780549","0.5790293886","0.62679938","101.00200049","0.0002","78.2033679","2413.667155924","2414.769560446","3036.159544515","2024-05-09 00:00:00.000","8.621673156","22899.231199494"
"2024-05-10 00:00:00.000","4442","5246","736929","629409","406","2052","3789","5","2001.61418382","0.3815505497","0.019","101.002","0.00011","65.00169916","2280.104065519","2394.41692868","2925.25682311","2024-05-10 00:00:00.000","8.723155086","17460.390948597"
"2024-05-11 00:00:00.000","982","1397","738326","630391","286","684","1380","5","571.10269982","0.4088065138","0.0199","68.5","0.001","29.72727427","2072.083194021","2140.244811491","2781.156461035","2024-05-11 00:00:00.000","8.440245168","4820.246802435"
"2024-05-12 00:00:00.000","2812","3135","741461","633203","328","281","791","5","2207.8623777","0.7042623214","0.64150123","77","0.001","83.18197403","2039.3966781","2226.954550288","2740.760020191","2024-05-12 00:00:00.000","8.40946427","18566.939778373"
"2024-05-13 00:00:00.000","2418","2635","744096","635621","346","570","981","5","1634.11609943","0.6201579125","0.63431632","92","4.9E-07","33.09063142","2010.57646151","2166.624215483","2693.916620927","2024-05-13 00:00:00.000","8.265088859","13506.114768475"
"2024-05-14 00:00:00.000","7990","21175","765271","643611","742","891","18425","5","2504.0538808","0.118255201","0.003","70.00000001","4.9E-07","60.29238215","1995.111318469","2208.661437303","2646.629564873","2024-05-14 00:00:00.000","8.02065191","20084.144542864"
"2024-05-15 00:00:00.000","4378","10070","775341","647989","593","643","9226","7","1192.62074526","0.1184330432","0.0021","56.1","4.9E-07","43.82325855","1862.38127067","2138.98245202","2563.182592127","2024-05-15 00:00:00.000","8.075833333","9631.406368596"
"2024-05-16 00:00:00.000","1936","4657","779998","649925","385","417","3873","5","1347.58561433","0.2893677506","0.003","84","4.9E-07","43.41909242","1764.370425831","2051.219523237","2469.19049062","2024-05-16 00:00:00.000","8.411666667","11335.440992539"
"2024-05-17 00:00:00.000","1347","1862","781860","651272","331","327","1189","5","1121.18282015","0.6021390012","0.1","65","0.00009929","42.61928755","1572.517302664","1921.290450776","2348.370732489","2024-05-17 00:00:00.000","8.48125","9509.031793397"
"2024-05-18 00:00:00.000","974","1255","783115","652246","270","267","953","6","900.11268605","0.7172212638","0.03","38.24","0.0001","44.12134457","1434.829615442","1832.279985059","2219.59627714","2024-05-18 00:00:00.000","8.605416667","7745.844710413"
"2024-05-19 00:00:00.000","1623","2258","785373","653869","297","548","1737","5","1041.02200938","0.4610372052","0.0013347","63","0.001","39.05762971","1493.569529137","1737.05781868","2156.109408295","2024-05-19 00:00:00.000","8.40875","8753.693821374"
"2024-05-20 00:00:00.000","1790","1915","787288","655659","364","523","1264","5","1397.73663465","0.7298885821","0.0606","100","0.00001","46.42565208","1392.303811256","1705.928405513","2082.965729164","2024-05-20 00:00:00.000","8.385416667","11720.604071805"
"2024-05-21 00:00:00.000","3894","4409","791697","659553","472","916","3285","5","1692.33103888","0.3838355724","0.002","90","0.001","48.72429024","1399.580678687","1643.565473097","2070.446094655","2024-05-21 00:00:00.000","9.164166667","15508.803695469"
"2024-05-22 00:00:00.000","1009","1552","793249","660562","345","590","1312","5","1681.75465034","1.0836048","0.07","600","0.001","91.8416858","1296.79327488","1605.385041276","2032.611667754","2024-05-22 00:00:00.000","9.162916667","15409.777714845"
"2024-05-23 00:00:00.000","1741","2268","795517","662303","431","447","1267","5","1648.10098002","0.7266759171","0.49","38.79","0.001","40.25454174","1353.728304225","1573.146948408","1986.658834238","2024-05-23 00:00:00.000","8.90375","14674.279100853"
"2024-05-24 00:00:00.000","1580","1865","797382","663883","534","541","987","5","1436.16892832","0.7700637685","0.56","53","0.00001","31.0446494","1364.801218474","1491.824356597","1961.409967634","2024-05-24 00:00:00.000","8.931666667","12827.382144778"
"2024-05-25 00:00:00.000","515","1124","798506","664398","262","282","1119","5","504.44320754","0.4487928893","0.0025","36.5","0.001","24.76965704","1287.708766897","1392.012958178","1906.559740748","2024-05-25 00:00:00.000","9.044166667","4562.26844286"
"2024-05-26 00:00:00.000","359","432","798938","664757","226","224","425","5","553.45724743","1.281151036","0.059","81","0.0005","21.50354514","1244.37683707","1390.836594685","1849.996953235","2024-05-26 00:00:00.000","9.065","5017.089947953"
"2024-05-27 00:00:00.000","334","788","799726","665091","224","439","774","6","488.80472369","0.6203105631","0.017","99","9.4E-07","26.75378936","1175.349676359","1276.232751085","1724.355671495","2024-05-27 00:00:00.000","9.346666667","4568.694817423"
"2024-05-28 00:00:00.000","821","947","800673","665912","280","291","597","5","1485.35114632","1.568480619","0.25","66.6","0.00010049","63.29137743","1186.301490317","1266.315087544","1743.005182804","2024-05-28 00:00:00.000","9.443333333","14026.665991749"
"2024-05-29 00:00:00.000","1691","3729","804402","667603","374","535","3665","5","1025.74819581","0.2750732625","0.13","57","0.001","35.23471338","1102.978634934","1167.761375211","1694.188314233","2024-05-29 00:00:00.000","9.26375","9502.274848935"
"2024-05-30 00:00:00.000","920","2086","806488","668523","437","608","2039","5","788.54225603","0.3780164219","0.15","43","0.001","21.53599261","991.327085645","1140.822809263","1659.189820766","2024-05-30 00:00:00.000","9.200416667","7254.917314749"
"2024-05-31 00:00:00.000","823","1230","807718","669346","488","551","1224","5","427.2970828","0.3473960023","0.008109","64","0.001","10.21960015","838.726598492","1079.470240494","1600.786322646","2024-05-31 00:00:00.000","9.15375","3911.37067168"
"2024-06-01 00:00:00.000","1571","2356","810074","670917","203","407","2347","5","332.85385132","0.1412792238","0.002","70.6807","0.001","10.09254012","700.812213867","1026.914975905","1525.587106686","2024-06-01 00:00:00.000","9.085","3023.977239242"
"2024-06-02 00:00:00.000","415","496","810570","671332","246","287","486","5","569.09818421","1.147375371","0.059","78","0.001","20.57452057","708.894085951","1004.847342449","1444.909018853","2024-06-02 00:00:00.000","9.009166667","5127.100391245"
"2024-06-03 00:00:00.000","432","584","811154","671764","268","259","572","5","482.68668028","0.8265182882","0.06","31","0.001","24.55590611","700.047765057","967.624987176","1388.374083642","2024-06-03 00:00:00.000","9.01","4349.006989323"
"2024-06-04 00:00:00.000","881","1166","812320","672645","406","468","970","6","2301.86886052","1.974158542","0.1825","30","4.9E-07","72.52327587","926.680782161","1027.900468901","1382.971320915","2024-06-04 00:00:00.000","8.975416667","20660.232135192"
"2024-06-05 00:00:00.000","1160","1347","813667","673805","434","420","1335","5","1607.24945505","1.193206722","0.03999","78","4.9E-07","61.20267279","941.918070752","1022.228363312","1374.667179718","2024-06-05 00:00:00.000","9.255416667","14875.763393761"
"2024-06-06 00:00:00.000","1154","1300","814967","674959","324","372","1222","5","1774.4616593","1.364970507","0.023","65","0.001","58.76126884","1035.507253689","1028.408830576","1347.140942111","2024-06-06 00:00:00.000","9.2","16325.04726556"
"2024-06-07 00:00:00.000","428","498","815465","675387","254","265","481","5","852.61898825","1.712086322","0.063","30","0.001","36.80164571","1043.516845216","975.376697791","1301.920227936","2024-06-07 00:00:00.000","9.055","7720.464938604"
"2024-06-08 00:00:00.000","600","670","816135","675987","348","371","626","5","832.58955359","1.242670976","0.0591","33.97999999","0.00110001","36.3840682","1094.178404065","935.138072809","1260.014330535","2024-06-08 00:00:00.000","8.33875","6942.756139999"
"2024-06-09 00:00:00.000","548","1511","817646","676535","349","329","1449","5","878.50226111","0.5814045408","0.004","99","0.00001049","33.77640121","1162.384455289","960.075343047","1202.675442006","2024-06-09 00:00:00.000","8.312916667","7302.916088086"
"2024-06-10 00:00:00.000","607","1634","819280","677142","303","496","1616","5","641.68379799","0.3927073427","0.021","70","0.001","762.83051384","1171.457657011","965.957113085","1158.806719883","2024-06-10 00:00:00.000","8.43375","5411.800731298"
"2024-06-11 00:00:00.000","608","651","819931","677750","249","296","643","5","1032.35209007","1.585794301","0.057","85","0.001","40.6785793","1240.165833235","1002.193604177","1173.685732472","2024-06-11 00:00:00.000","8.046666667","8306.99315143"
"2024-06-12 00:00:00.000","737","801","820732","678487","334","314","783","5","661.0165463","0.825239134","0.01856533","88","0.0005182","26.21666141","1035.059293957","947.237964175","1123.787479846","2024-06-12 00:00:00.000","8.169166667","5399.954336149"
"2024-06-13 00:00:00.000","656","870","821602","679143","347","311","829","4","2143.68309514","2.464003558","0.27","100","0.001","47.61025426","1102.113498969","1021.766957464","1140.225124869","2024-06-13 00:00:00.000","7.999583333","17148.57155983"
"2024-06-14 00:00:00.000","686","942","822544","679829","370","412","931","5","1589.03119445","1.686869633","0.178","29","0.001","41.89133969","1078.934690862","1075.132886692","1110.708264019","2024-06-14 00:00:00.000","7.859583333","12489.123092046"
"2024-06-15 00:00:00.000","615","658","823202","680444","310","289","639","5","487.51599589","0.7409057688","0.039945","33.29999999","0.0001","18.67179385","1033.296816817","1079.147480898","1087.962949523","2024-06-15 00:00:00.000","7.812083333","3808.515586226"
"2024-06-16 00:00:00.000","652","817","824019","681096","312","354","680","5","707.53567593","0.8660167392","0.05","100","0.001","23.96226486","1017.66508211","1104.126269205","1067.316177316","2024-06-16 00:00:00.000","7.83875","5546.195279696"
"2024-06-17 00:00:00.000","647","864","824883","681743","264","423","844","5","752.79337626","0.8712886299","0.0579","80","0.001","22.80937876","1001.951471504","1116.372615342","1055.432646868","2024-06-17 00:00:00.000","7.642083333","5752.90971416"
"2024-06-18 00:00:00.000","556","816","825699","682299","239","245","804","5","1563.049188","1.915501456","0.14099999","99","0.001","60.73999885","1117.122145255","1188.396782523","1076.817695318","2024-06-18 00:00:00.000","6.8725","10742.05554453"
"2024-06-19 00:00:00.000","397","498","826197","682696","279","206","475","5","1467.43541606","2.946657462","0.0675","101","0.001","43.75719283","1171.507561004","1132.767886226","1090.572966502","2024-06-19 00:00:00.000","6.938333333","10181.556061763"
"2024-06-20 00:00:00.000","488","1415","827612","683184","272","187","1233","5","1095.03587065","0.7738769404","0.05","59.9","0.000008","57.23487524","1225.759976547","1098.620313933","1080.808425727","2024-06-20 00:00:00.000","6.954166667","7615.061950479"
"2024-06-21 00:00:00.000","487","643","828255","683671","234","277","634","4","1164.07820734","1.810386015","0.0449996","120","0.001","43.23978777","1103.309365572","1057.928083802","1063.768011807","2024-06-21 00:00:00.000","6.931666667","8069.002107212"
"2024-06-22 00:00:00.000","617","1012","829267","684288","365","397","981","5","791.17669719","0.7817951553","0.025","99.99","0.001","31.15834891","1003.577553415","1053.831931065","1035.039690737","2024-06-22 00:00:00.000","6.87625","5440.328764053"
"2024-06-23 00:00:00.000","474","676","829943","684762","160","209","647","5","679.6799999","1.005443787","0.03","89.99","0.00122001","24.26815478","1027.598053916","1043.637960819","1003.800304282","2024-06-23 00:00:00.000","6.877916667","4674.782399312"
"2024-06-24 00:00:00.000","299","386","830329","685061","194","195","375","5","644.41621076","1.669472049","0.0695","45","0.001","26.0465798","1019.70812077","1028.032224129","978.259894038","2024-06-24 00:00:00.000","6.720416667","4330.745443062"
"2024-06-25 00:00:00.000","956","1072","831401","686017","215","311","1048","5","1066.7184285","0.9950731609","0.0195","58","0.0001","39.27369782","1058.9487523","1056.367866163","996.397804392","2024-06-25 00:00:00.000","6.970833333","7435.916378669"
"2024-06-26 00:00:00.000","372","452","831853","686389","208","277","440","5","692.42297432","1.531909235","0.06685","48.15","0.00121049","22.07420721","950.12047559","1033.705925113","1000.880569775","2024-06-26 00:00:00.000","6.8525","4744.828431528"
"2024-06-27 00:00:00.000","811","1661","833514","687200","286","244","1649","5","802.99876451","0.4834429648","0.037","38","0.001","31.06648989","867.065894146","1043.171406327","1011.015861415","2024-06-27 00:00:00.000","6.909583333","5548.386879946"
"2024-06-28 00:00:00.000","760","1392","834906","687960","339","635","1326","5","1846.67951321","1.326637581","0.3048","90","0.001","52.46514379","961.021349466","1023.371167531","1022.671615185","2024-06-28 00:00:00.000","6.99375","12915.214845512"
"2024-06-29 00:00:00.000","640","1105","836011","688600","314","590","1079","5","1473.69083931","1.333656868","0.332","99","0.001","45.25499215","999.722928462","1015.681810522","1037.121377879","2024-06-29 00:00:00.000","6.947916667","10239.081143956"
"2024-06-30 00:00:00.000","522","726","836737","689122","257","266","717","5","773.46341569","1.065376606","0.035","95.4999999","0.00111","19.26718602","997.508768275","1034.744971842","1036.634963674","2024-06-30 00:00:00.000","6.89625","5333.997080452"
"2024-07-01 00:00:00.000","459","589","837326","689581","228","280","576","6","2903.01179614","4.928712727","0.156","53.9","0.0001","56.0516339","1275.425242805","1181.110046523","1116.496728621","2024-07-01 00:00:00.000","7.1225","20676.701518007"
"2024-07-02 00:00:00.000","358","629","837955","689939","221","253","612","5","1141.20954135","1.814323595","0.198","51.99","0.00119999","30.14467529","1337.524409129","1207.004457529","1142.572718622","2024-07-02 00:00:00.000","6.964583333","7948.048951527"
"2024-07-03 00:00:00.000","488","746","838701","690427","286","244","701","5","1384.30826289","1.855641103","0.029","95.39","0.0011","43.48605422","1377.223138427","1195.088395855","1168.869817934","2024-07-03 00:00:00.000","6.76375","9363.115013122"
"2024-07-04 00:00:00.000","450","722","839423","690877","259","199","708","5","1260.73168266","1.746165765","0.0693","120","0.00010049","41.38159151","1448.26172697","1181.308146961","1193.968043817","2024-07-04 00:00:00.000","6.309583333","7954.691612717"
"2024-07-05 00:00:00.000","308","606","840029","691185","217","181","594","6","865.28734613","1.427866908","0.04","98","0.001","25.89282797","1456.047799672","1165.99157866","1147.626704643","2024-07-05 00:00:00.000","5.591666667","4838.398410444"
"2024-07-06 00:00:00.000","369","424","840453","691554","238","190","399","7","1149.03746677","2.709994025","0.043","112","0.001","29.32539662","1368.842543867","1164.988862622","1132.845672763","2024-07-06 00:00:00.000","5.708333333","6559.088872812"
"2024-07-07 00:00:00.000","387","613","841066","691941","214","176","600","5","1074.49828667","1.752852017","0.029","90.5","0.001","38.13443014","1318.943474787","1183.876968587","1110.26620913","2024-07-07 00:00:00.000","5.839583333","6274.622286533"
"2024-07-08 00:00:00.000","284","415","841481","692225","202","152","392","5","1453.90866235","3.503394367","0.043","95.39","4.9E-07","35.28994517","1403.99913062","1235.492212751","1129.66265023","2024-07-08 00:00:00.000","5.71875","8314.540162814"
"2024-07-09 00:00:00.000","574","652","842133","692799","256","193","632","6","510.44123208","0.7828853253","0.02479","41","0.00000149","20.3473788","1104.927810112","1226.560547505","1119.270768891","2024-07-09 00:00:00.000","5.892916667","3007.987643878"
"2024-07-10 00:00:00.000","369","403","842536","693168","272","219","400","5","780.25185085","1.936108811","0.0499995","100","0.001","18.16029831","1059.8080988","1207.462775662","1116.101400818","2024-07-10 00:00:00.000","6.085416667","4748.15761736"
"2024-07-11 00:00:00.000","460","538","843074","693628","199","179","527","5","955.19033166","1.775446713","0.025","99","0.0001","22.54648741","1006.168357396","1224.980599485","1126.214514807","2024-07-11 00:00:00.000","6.174583333","5897.902302029"
"2024-07-12 00:00:00.000","299","311","843385","693927","186","134","310","5","632.93267017","2.03515328","0.053","70","0.001","18.7124507","927.693480835","1213.642859862","1113.330017391","2024-07-12 00:00:00.000","6.024583333","3813.155615828"
"2024-07-13 00:00:00.000","204","330","843715","694131","156","169","326","5","465.03516878","1.409197481","0.2793","32","4.9E-07","18.2587563","877.661958666","1121.5332369","1107.008037471","2024-07-13 00:00:00.000","6.232083333","2898.137924768"
"2024-07-14 00:00:00.000","258","278","843993","694389","162","156","273","5","974.78610914","3.506424853","0.14099999","111.98","0.00122001","32.72274499","855.880538962","1088.272921555","1069.301683084","2024-07-14 00:00:00.000","6.538333333","6373.47651026"
"2024-07-15 00:00:00.000","310","523","844516","694699","171","255","513","5","671.86842684","1.284643264","0.16004999","33.8999995","0.001","17.7731548","805.551806484","1081.499922299","1039.715787355","2024-07-15 00:00:00.000","6.7275","4519.994841566"
"2024-07-16 00:00:00.000","450","586","845102","695149","165","399","564","5","1108.46448487","1.891577619","0.151","66","0.001","49.43988647","762.371284299","961.863434881","1059.746383774","2024-07-16 00:00:00.000","6.947083333","7700.595148432"
"2024-07-17 00:00:00.000","320","328","845430","695469","174","204","317","5","1661.7746497","5.066386127","0.0713","97","0.0001","35.4176119","906.287961501","996.567775437","1090.528286153","2024-07-17 00:00:00.000","7.187083333","11943.312888615"
"2024-07-18 00:00:00.000","295","354","845784","695764","214","213","351","5","1212.32042215","3.424633961","0.0721","61","0.001","38.17054684","960.296532914","985.101919388","1105.351739246","2024-07-18 00:00:00.000","7.018333333","8508.468829456"
"2024-07-19 00:00:00.000","314","355","846139","696078","212","207","350","5","1165.45081589","3.282960045","0.0727","130","0.001","29.62284013","986.579093442","978.749861603","1092.525985307","2024-07-19 00:00:00.000","7.1625","8347.541468812"
"2024-07-20 00:00:00.000","350","474","846613","696428","196","185","466","5","510.69471979","1.077415021","0.0446","47.4389","0.001","16.62059859","971.299349645","955.110353181","1061.663382202","2024-07-20 00:00:00.000","7.40875","3783.609505244"
"2024-07-21 00:00:00.000","284","498","847111","696712","175","213","496","5","1002.79789028","2.013650382","0.076","150","4.9E-07","19.46784729","1038.519689832","945.361048081","1058.68796348","2024-07-21 00:00:00.000","7.37","7390.620451364"
"2024-07-22 00:00:00.000","293","411","847522","697005","158","170","400","5","548.47653041","1.334492775","0.05","52","0.0001","13.62661111","985.230992491","910.292930997","1038.82984487","2024-07-22 00:00:00.000","7.411666667","4065.125217889"
"2024-07-23 00:00:00.000","254","576","848098","697259","147","363","572","5","633.48665387","1.099803219","0.25","59","0.001","10.36846366","980.43327087","855.598130432","1033.743069279","2024-07-23 00:00:00.000","7.168333333","4541.043497158"
"2024-07-24 00:00:00.000","250","370","848468","697509","156","185","368","5","1030.95204031","2.786356866","0.12","59","0.001","23.37065528","970.7442153","890.298850981","1045.074425421","2024-07-24 00:00:00.000","7.035833333","7253.606730281"
"2024-07-25 00:00:00.000","346","453","848921","697855","231","271","453","5","469.65879862","1.03677439","0.0758","56.8135","0.001","11.16776774","821.729733915","869.592647499","1039.437089545","2024-07-25 00:00:00.000","6.63625","3116.773202342"
"2024-07-26 00:00:00.000","566","625","849546","698421","224","258","604","5","458.52784613","0.7336445538","0.058","35","0.0011","14.38285231","727.505661912","836.48181513","1019.818038501","2024-07-26 00:00:00.000","6.814166667","3124.485164838"
"2024-07-27 00:00:00.000","175","217","849763","698596","130","139","217","5","446.6469793","2.058281011","0.1","55","0.001","9.53497762","637.655182339","824.062769072","1011.889780597","2024-07-27 00:00:00.000","7.14875","3192.967593271"
"2024-07-28 00:00:00.000","278","369","850132","698874","154","155","366","5","871.0108574","2.360463028","0.12","53.999995","0.001","19.76628887","682.69469954","851.12781498","1014.083719078","2024-07-28 00:00:00.000","6.97","6070.945676078"
"2024-07-29 00:00:00.000","444","546","850678","699318","199","204","541","5","863.61378104","1.581710222","0.0781","48","0.0001","30.98827221","665.296685885","843.71632644","982.371921266","2024-07-29 00:00:00.000","6.92375","5979.445916476"
"2024-07-30 00:00:00.000","546","770","851448","699864","313","229","764","5","1595.33964079","2.071869663","0.18","70","0.0001","35.34189004","796.154574682","905.281074037","986.296076152","2024-07-30 00:00:00.000","6.735416667","10745.277205571"
"2024-07-31 00:00:00.000","472","778","852226","700336","176","202","759","5","1032.86576136","1.327590953","0.179","70","4.9E-07","24.33048145","846.076963119","900.241159136","994.663893755","2024-07-31 00:00:00.000","6.57375","6789.80129874"
"2024-08-01 00:00:00.000","418","920","853146","700754","134","191","908","5","1020.49978872","1.109238901","0.256","65","0.0001","24.33482258","844.77043167","857.489501737","933.937699967","2024-08-01 00:00:00.000","6.319583333","6449.133456465"
"2024-08-02 00:00:00.000","386","793","853939","701140","143","162","747","4","1419.7270905","1.7903242","0.14","54","0.0011","50.43558429","963.528968155","871.316612961","942.922137036","2024-08-02 00:00:00.000","6.216666667","8825.970079275"
"2024-08-03 00:00:00.000","267","674","854613","701407","125","128","654","5","693.08838995","1.028321053","0.13","47.9","0.00122001","16.92548768","992.849036132","839.825784565","920.62472178","2024-08-03 00:00:00.000","5.836666667","4045.325902675"
"2024-08-04 00:00:00.000","221","629","855242","701628","121","143","625","6","1182.09112486","1.879318164","0.178","65","0.0001","31.03530862","1084.779554327","884.585544903","918.087929593","2024-08-04 00:00:00.000","5.499166667","6500.516110793"
"2024-08-05 00:00:00.000","156","213","855455","701784","82","76","212","6","552.89478464","2.595750163","0.17","49","4.9E-07","12.49551923","1045.015045232","854.592004527","908.01075019","2024-08-05 00:00:00.000","4.863333333","2688.911635966"
"2024-08-06 00:00:00.000","177","227","855682","701961","78","84","225","5","659.73835127","2.906336349","0.3","58","0.00001","16.88096066","1019.530616511","862.009459251","892.226907755","2024-08-06 00:00:00.000","5.192916667","3425.966279949"
"2024-08-07 00:00:00.000","167","300","855982","702128","96","95","287","6","734.17135196","2.44723784","0.35","64","0.001","13.94631157","911.884580407","868.721772457","881.248619538","2024-08-07 00:00:00.000","5.1625","3790.159604493"
"2024-08-08 00:00:00.000","138","166","856148","702266","102","90","160","5","880.36933201","5.303429711","0.24","55","0.001","24.25406819","892.822526739","858.682925237","862.747350817","2024-08-08 00:00:00.000","5.347083333","4707.408182368"
"2024-08-09 00:00:00.000","143","202","856350","702409","93","79","201","5","529.30366073","2.620315152","0.167","54","0.001","10.17535487","831.42301074","862.659249377","863.355816258","2024-08-09 00:00:00.000","5.735416667","3035.777037479"
"2024-08-10 00:00:00.000","138","239","856589","702547","80","77","239","4","653.95068799","2.736195347","0.167","55","0.00905","15.18414562","735.700960426","875.687438835","859.281585198","2024-08-10 00:00:00.000","5.96375","3899.9984155"
"2024-08-11 00:00:00.000","137","217","856806","702684","96","93","212","6","658.83980781","3.036128147","0.28","52.97","0.001","13.79763696","731.419887659","889.833627402","849.72189088","2024-08-11 00:00:00.000","6.1","4018.922827641"
"2024-08-12 00:00:00.000","142","163","856969","702826","81","71","159","5","285.80944585","1.753432183","0.16","53.5","0.001","6.75677074","619.384677782","850.820199965","838.524367515","2024-08-12 00:00:00.000","6.182916667","1767.135986237"
"2024-08-13 00:00:00.000","170","217","857186","702996","112","88","214","5","564.35248027","2.600702674","0.23","52","0.00121049","11.02724941","620.816889736","830.869446581","841.728151756","2024-08-13 00:00:00.000","6.463333333","3647.598197478"
"2024-08-14 00:00:00.000","134","143","857329","703130","85","76","141","5","500.8803861","3.502660043","0.145","45.999","0.0001","11.30864919","600.95964409","757.905496268","826.440870368","2024-08-14 00:00:00.000","6.778333333","3395.134217115"
"2024-08-15 00:00:00.000","145","177","857506","703275","93","97","172","5","631.04684919","3.565236436","0.1589","49","0.0001","25.50609538","588.069081244","731.11756879","825.124045283","2024-08-15 00:00:00.000","6.500833333","4102.330392109"
"2024-08-16 00:00:00.000","188","396","857902","703463","136","97","391","4","604.13926659","1.525604209","0.04","45","0.0001","11.92594396","553.540323066","703.360200648","808.855489854","2024-08-16 00:00:00.000","6.114583333","3694.059890503"
"2024-08-17 00:00:00.000","161","211","858113","703624","109","76","210","5","837.69288351","3.970108453","0.265","150","0.00111148","15.82280267","592.088975914","664.557920182","782.272207074","2024-08-17 00:00:00.000","5.879583333","4925.285116337"
"2024-08-18 00:00:00.000","172","238","858351","703796","91","95","231","5","478.30931011","2.009702984","0.2","40","0.0001","14.83554468","570.133803679","650.239314859","758.594429266","2024-08-18 00:00:00.000","5.85","2798.109464144"
"2024-08-19 00:00:00.000","182","216","858567","703978","127","120","207","5","735.47869371","3.404993952","0.1535","43","0.0001","14.16679659","579.713664416","620.465152783","744.724360809","2024-08-19 00:00:00.000","5.892916667","4334.114652142"
"2024-08-20 00:00:00.000","253","437","859004","704231","151","135","434","5","1350.02856099","3.089310208","0.0795","63","0.00122001","28.1037436","712.741053809","673.607404539","771.799646009","2024-08-20 00:00:00.000","6.11875","8260.487257558"
"2024-08-21 00:00:00.000","352","450","859454","704583","203","183","437","5","1819.05382395","4.042341831","0.115","180","0.000001","32.88773943","869.578721769","750.895102718","798.130482579","2024-08-21 00:00:00.000","6.155416667","11197.034225506"
"2024-08-22 00:00:00.000","342","600","860054","704925","193","185","587","5","1194.84709811","1.99141183","0.0801","45","0.00009804","20.96568849","956.32456077","781.606819128","818.981146053","2024-08-22 00:00:00.000","6.37125","7612.669573833"
"2024-08-23 00:00:00.000","543","670","860724","705468","291","138","639","4","2317.30384108","3.458662449","4.54","55","0.00122001","40.02862965","1167.106684756","877.402453066","873.297829511","2024-08-23 00:00:00.000","6.8225","15809.805455768"
"2024-08-24 00:00:00.000","263","370","861094","705731","167","144","361","5","1529.62684184","4.1341266","0.19","70","0.001","30.73767782","1282.792631662","944.09066514","889.384113432","2024-08-24 00:00:00.000","7.187083333","10993.555581208"
"2024-08-25 00:00:00.000","154","176","861270","705885","107","92","173","5","906.33537254","5.149632799","0.65","53.33","0.00122001","15.05359199","1291.372942791","960.916310777","903.470454526","2024-08-25 00:00:00.000","7.151666667","6481.808472615"
"2024-08-26 00:00:00.000","197","228","861498","706082","115","92","216","5","635.80758494","2.788629759","0.2","20.79","0.0001","9.90260872","1311.060227145","959.380829252","909.189155778","2024-08-26 00:00:00.000","7.170833333","4559.270223674"
"2024-08-27 00:00:00.000","147","278","861776","706229","99","96","278","5","559.13676521","2.011283328","0.0333","22","0.00009389","10.3308113","1289.017486082","977.602650543","912.817858549","2024-08-27 00:00:00.000","7.2","4025.784709512"
"2024-08-28 00:00:00.000","288","322","862098","706517","124","92","311","5","499.293032","1.550599478","0.04","38","0.001","9.79680636","1182.675544959","973.265353991","900.826960955","2024-08-28 00:00:00.000","6.834166667","3412.251796193"
"2024-08-29 00:00:00.000","123","185","862283","706640","81","68","183","5","301.65895638","1.630588953","0.08019999","18.03","0.0008","6.79455364","993.001186512","959.983925343","882.699385966","2024-08-29 00:00:00.000","6.837083333","2062.467423016"
"2024-08-30 00:00:00.000","183","193","862476","706823","128","109","186","5","505.99449602","2.62173314","0.3","22","0.0001","12.18473862","906.894611251","951.647101799","847.559220006","2024-08-30 00:00:00.000","6.742916667","3411.878720455"
"2024-08-31 00:00:00.000","3289","3983","866459","710112","2275","2190","3455","5","1611.61274581","0.4046228335","0.3","80","4.9E-07","26.84993662","818.683224342","1018.812000413","866.228477569","2024-08-31 00:00:00.000","6.647916667","10713.867233083"
"2024-09-01 00:00:00.000","1445","1799","868258","711557","893","871","1475","6","1207.59284298","0.6712578338","0.3","42","0.0001","30.05034911","778.428974485","1043.471997711","872.263737384","2024-09-01 00:00:00.000","6.34125","7657.648115547"
"2024-09-02 00:00:00.000","993","1201","869459","712550","666","531","1022","5","527.34019602","0.4390842598","0.25219999","26.2814","0.00134","8.39485108","731.05457742","1046.740723439","843.477063368","2024-09-02 00:00:00.000","6.254166667","3298.073475942"
"2024-09-03 00:00:00.000","764","855","870314","713314","419","379","690","5","546.61121174","0.6393113588","0.24","25","0.005","10.59290155","719.90503077","1034.149557974","838.751993104","2024-09-03 00:00:00.000","6.260833333","3422.241694836"
"2024-09-04 00:00:00.000","597","757","871071","713911","361","244","687","5","938.50505096","1.239768892","0.22","47","0.0001","32.51668582","767.326066489","1006.714657305","830.894377816","2024-09-04 00:00:00.000","6.145833333","5767.895625692"
"2024-09-05 00:00:00.000","447","674","871745","714358","331","202","649","5","633.55173841","0.9399877424","0.1334","50","0.0005","9.62113521","784.10840479","927.681184936","833.496215035","2024-09-05 00:00:00.000","5.878333333","3724.228302287"
"2024-09-06 00:00:00.000","508","942","872687","714866","294","318","870","5","703.58760584","0.7469082865","0.149","21.105","0.00119999","12.36569823","834.349485972","894.930552118","834.910707118","2024-09-06 00:00:00.000","5.777083333","4064.684231238"
"2024-09-07 00:00:00.000","634","1030","873717","715500","292","262","868","5","475.90472185","0.4620434193","0.12989999","22","0.0001","8.80933934","830.588264201","772.170610836","826.579525501","2024-09-07 00:00:00.000","5.831666667","2775.317702922"
"2024-09-08 00:00:00.000","341","478","874195","715841","242","172","457","5","392.26540403","0.8206389206","0.209","28","0.001","7.79827487","678.169846479","696.346514982","810.834237502","2024-09-08 00:00:00.000","5.92625","2324.662850633"
"2024-09-09 00:00:00.000","556","637","874832","716397","362","280","622","5","575.48025604","0.9034226939","0.189","200","0.00009","13.844185","599.155773111","674.289507215","812.323805093","2024-09-09 00:00:00.000","6.151666667","3540.162708406"
"2024-09-10 00:00:00.000","349","490","875322","716746","193","195","438","5","1467.71434927","2.995335407","0.2","44.44","0.00122001","11.76572878","716.702542267","729.749958171","838.574245779","2024-09-10 00:00:00.000","6.229583333","9143.248848307"
"2024-09-11 00:00:00.000","394","492","875814","717140","297","205","466","5","717.61397409","1.458564988","0.09995","36.5","0.00099","8.94083647","738.077887561","740.315105429","840.470186627","2024-09-11 00:00:00.000","6.124583333","4395.086585479"
"2024-09-12 00:00:00.000","357","382","876196","717497","160","151","366","4","508.1324949","1.330189777","0.13385","27.9827","0.001","13.63301007","684.281318054","740.904402956","847.641897886","2024-09-12 00:00:00.000","6.140416667","3120.145240559"
"2024-09-13 00:00:00.000","304","314","876510","717801","193","112","300","5","510.4560678","1.625656267","0.128","27","0.001","13.27880742","668.894359227","754.824210384","845.903303936","2024-09-13 00:00:00.000","6.1625","3145.685517817"
