"DATE","PLATFORM_NAME","Transactions","Sales","Cumulative Sales","Cumulative Transactions","Buyers","Sellers","Collections","Platforms","Volume (APT)","Avg Price (APT)","Median Price (APT)","Max Price (APT)","Min Price (APT)","Platform Fees (APT)","AVG_7_DAY_MOVING","AVG_14_DAY_MOVING","AVG_30_DAY_MOVING","DAY","AVG_PRICE","Volume (USD)"
"2024-01-01 00:00:00.000","Mercato","1094","1883","27837","15768","415","397","1773","1","6623.02370421","3.517272281","0.4","111","0.001","360.49140304","15762.333663697","12316.729507667","6623.02370421","2024-01-01 00:00:00.000","9.53994074","63183.253657195"
"2024-01-01 00:00:00.000","Wapal","1862","6550","27837","15768","574","509","5872","1","2492.10835631","0.3804745582","0.0035","76","0.001","37.38162334","8626.517731163","10351.805277396","4557.56603026","2024-01-01 00:00:00.000","9.53994074","23774.566036636"
"2024-01-01 00:00:00.000","BlueMove","7290","11585","27837","15768","1312","1180","10708","2","1974.10903958","0.1704021614","0.08897245","79.9","0.0001","45.79860792","9853.399606134","989.99851979","3696.413700033","2024-01-01 00:00:00.000","9.53994074","18832.883251717"
"2024-01-01 00:00:00.000","Topaz","5514","7811","27837","15768","1803","2091","6597","1","40663.89728688","5.205978401","0.27","100","4.7E-07","2609.72263153","20331.98864344","14214.631442153","12938.284596745","2024-01-01 00:00:00.000","9.53994074","387931.170370696"
"2024-01-01 00:00:00.000","Souffl3","4","4","27837","15768","4","4","4","1","185.325","46.33125","55","75","0.325","72.948125","7420.633055283","8657.39189783","10387.692677396","2024-01-01 00:00:00.000","9.53994074","1767.989517624"
"2024-01-01 00:00:00.000","Okx","1","1","27837","15768","1","1","1","1","0.08","0.08","0.08","0.08","0.08","0","0.08","7420.633055283","8656.42389783","2024-01-01 00:00:00.000","9.53994074","0.7631952592"
"2024-01-01 00:00:00.000","Seashrine","3","3","27837","15768","3","3","3","1","5.888","1.962666667","1","4","0.888","0","11823.222247772","5.888","7420.633055283","2024-01-01 00:00:00.000","9.53994074","56.171171077"
"2024-01-08 00:00:00.000","Souffl3","3","3","47427","27124","3","3","3","1","2.62","0.8733333333","0.72","1.4","0.5","1.1026","2828.608055576","5710.988344419","6493.381423372","2024-01-08 00:00:00.000","8.417054037","22.052681578"
"2024-01-08 00:00:00.000","Mercato","802","2242","47427","27124","400","314","2151","1","3193.98220049","1.424612935","0.19","72","0.001","189.66570508","3121.981305847","6892.301698434","6126.781509719","2024-01-08 00:00:00.000","8.417054037","26883.920775928"
"2024-01-08 00:00:00.000","BlueMove","5200","6053","47427","27124","1002","826","5784","2","735.82511753","0.1215637068","0.098","69.5","0.001","17.50286205","6585.032063064","6208.248745","5587.6858705","2024-01-08 00:00:00.000","8.417054037","6193.479776306"
"2024-01-08 00:00:00.000","Seashrine","2","2","47427","27124","2","2","2","1","1.85","0.925","0.925","1.1","0.75","0","6585.253313064","5587.6088705","5079.882609545","2024-01-08 00:00:00.000","8.417054037","15.571549969"
"2024-01-08 00:00:00.000","Wapal","1465","6106","47427","27124","684","361","5267","1","1133.00084126","0.1855553294","0.0098","80","0.001","16.99500915","2969.497160734","6186.685706454","4750.975795522","2024-01-08 00:00:00.000","8.417054037","9536.529305273"
"2024-01-08 00:00:00.000","Topaz","3884","5184","47427","27124","1186","1385","4585","1","17231.13893119","3.323907973","0.12","200","4.4E-07","1007.83859033","3656.158518602","6646.11160329","5710.988344419","2024-01-08 00:00:00.000","8.417054037","145035.427509289"
"2024-01-15 00:00:00.000","Topaz","3205","4577","65969","38290","878","1289","3832","1","9154.06104081","2.000013336","0.0577","415","4E-07","490.36905117","3954.72539141","5956.922108447","5956.922108447","2024-01-15 00:00:00.000","9.940743751","90998.175091952"
"2024-01-15 00:00:00.000","Souffl3","1","1","65969","38290","1","1","1","1","0.4","0.4","0.4","0.4","0.4","0.01","3931.60976641","5559.820634551","5559.820634551","2024-01-15 00:00:00.000","9.940743751","3.976297501"
"2024-01-15 00:00:00.000","Mercato","808","2051","65969","38290","316","323","2035","1","1843.48961891","0.8988247776","0.01","52","0.0001","113.70526711","4070.067829082","5682.327409145","5327.549946073","2024-01-15 00:00:00.000","9.940743751","18325.657910068"
"2024-01-15 00:00:00.000","Wapal","2991","6421","65969","38290","1744","284","5651","1","1954.75555862","0.3044316397","0.00899999","60","0.001","29.32132869","4314.18102391","5681.037177081","5129.150276223","2024-01-15 00:00:00.000","9.940743751","19431.724104991"
"2024-01-15 00:00:00.000","BlueMove","4161","5492","65969","38290","749","557","5281","2","692.08520971","0.1260169719","0.082","22.22","0.001","16.75624287","2246.799308725","3016.249705269","4882.646661417","2024-01-15 00:00:00.000","9.940743751","6879.841723905"
"2024-01-22 00:00:00.000","Topaz","16151","17550","147966","109672","7475","10048","10233","1","15226.92184125","0.8676308741","0.099","130","1E-07","1163.07371004","4008.223808724","3337.507784503","5427.082197197","2024-01-22 00:00:00.000","8.244402829","125536.877503963"
"2024-01-22 00:00:00.000","Mercato","11374","13395","147966","109672","7148","7710","8825","1","2668.26527807","0.1991986023","0.08","60","0","126.33412817","3234.140947416","3698.688133391","5289.141351241","2024-01-22 00:00:00.000","8.244402829","21998.253806868"
"2024-01-22 00:00:00.000","BlueMove","23264","24787","147966","109672","14198","12698","11473","2","3487.11507277","0.140683224","0.097","19","1E-07","84.59124921","4044.865417759","3520.927114853","5203.330576076","2024-01-22 00:00:00.000","8.244402829","28749.181370765"
"2024-01-22 00:00:00.000","Souffl3","79","115","147966","109672","66","64","115","1","21.56059999","0.1874834782","0.2","0.57","0.01","3.34714799","3236.786022415","2576.152164988","4967.795577163","2024-01-22 00:00:00.000","8.244402829","177.754271551"
"2024-01-22 00:00:00.000","Seashrine","1","4","147966","109672","1","1","4","1","14","3.5","3.5","3.5","3.5","0","3020.107001259","2410.944941234","4752.413160764","2024-01-22 00:00:00.000","8.244402829","115.421639605"
"2024-01-22 00:00:00.000","Wapal","20512","26145","147966","109672","14406","7328","16928","1","2050.81300828","0.07843996972","0.0167","45","0.001","30.76217549","3262.701446086","2535.310808453","4639.846487744","2024-01-22 00:00:00.000","8.244402829","16907.728567079"
"2024-01-22 00:00:00.000","Okx","1","1","147966","109672","1","1","1","1","0.095","0.095","0.095","0.095","0.095","0","2246.483683725","2535.311808453","4454.256428234","2024-01-22 00:00:00.000","8.244402829","0.7832182687"
"2024-01-29 00:00:00.000","Okx","1","1","293171","245945","1","1","1","1","0.16","0.16","0.16","0.16","0.16","0","2933.616350045","2549.956204645","4282.945027148","2024-01-29 00:00:00.000","9.11848769","1.45895803"
"2024-01-29 00:00:00.000","Souffl3","141","141","293171","245945","136","109","141","1","84.7952","0.6013843972","0.25","60","0.01","2.11988","3108.955389364","3372.375878111","4127.457996513","2024-01-29 00:00:00.000","9.11848769","773.203987397"
"2024-01-29 00:00:00.000","Mercato","10612","11254","293171","245945","7549","7889","7398","1","2509.53275549","0.2229902928","0.022","56","0","131.20214675","3089.113824041","2641.724998927","4069.674952191","2024-01-29 00:00:00.000","9.11848769","22883.14353936"
"2024-01-29 00:00:00.000","Topaz","16871","18976","293171","245945","7613","11107","10102","1","16786.62378235","0.8846239346","0.08","130","4.9E-07","1856.93549248","5031.932447839","3760.658584417","4508.190429093","2024-01-29 00:00:00.000","9.11848769","153068.622321191"
"2024-01-29 00:00:00.000","BlueMove","37507","38792","293171","245945","24105","20636","15334","2","3245.42524622","0.08366223052","0.0833","9.1","0","79.42333204","3534.24537346","3366.749531444","4466.098256331","2024-01-29 00:00:00.000","9.11848769","29593.370157472"
"2024-01-29 00:00:00.000","Wapal","71140","76040","293171","245945","62156","47568","24857","1","2809.2409074","0.03694425181","0.00187","70","0.0001","42.13857999","3437.573862467","3436.759297343","4412.651245075","2024-01-29 00:00:00.000","9.11848769","25616.028633237"
"2024-01-29 00:00:00.000","Seashrine","1","1","293171","245945","1","1","1","1","0.377","0.377","0.377","0.377","0.377","0","3181.269361432","3306.467393435","4199.017480423","2024-01-29 00:00:00.000","9.11848769","3.437669859"
"2024-02-05 00:00:00.000","Wapal","19955","24044","340594","287737","17080","15593","10693","1","1620.40246643","0.06739321521","0.0022","100","0.001","24.30602211","3382.069669736","3368.35521055","4170.897935588","2024-02-05 00:00:00.000","8.852188306","14344.107765029"
"2024-02-05 00:00:00.000","Seashrine","1","1","340594","287737","1","1","1","1","1","1","1","1","1","0","3382.174669736","3366.984503884","4107.249256892","2024-02-05 00:00:00.000","8.852188306","8.852188306"
"2024-02-05 00:00:00.000","Topaz","6321","7171","340594","287737","2127","4435","5214","1","15863.01130139","2.212105885","0.054","269","1E-07","918.03774814","3266.723109616","4423.58525731","3307.220676715","2024-02-05 00:00:00.000","8.852188306","140422.363146809"
"2024-02-05 00:00:00.000","Souffl3","41","41","340594","287737","17","18","41","1","2.1242","0.0518097561","0.0146","1.0989","0.012","1.0264325","2904.933546975","4357.505186059","3301.310973489","2024-02-05 00:00:00.000","8.852188306","18.803818401"
"2024-02-05 00:00:00.000","Mercato","5603","5813","340594","287737","4026","4518","3228","1","1885.72976107","0.3243987203","0.01211","95","1E-08","94.01669648","3096.761173972","3468.092380713","3362.138385136","2024-02-05 00:00:00.000","8.852188306","16692.834940016"
"2024-02-05 00:00:00.000","BlueMove","9871","10353","340594","287737","6216","5089","6620","2","1057.58273951","0.1021522978","0.079","105","0.000001","24.9202159","3218.359616411","4357.369906059","3396.064021895","2024-02-05 00:00:00.000","8.852188306","9361.921559764"
"2024-02-12 00:00:00.000","Mercato","1919","2047","353629","298176","1192","1402","1441","1","1251.73143026","0.6114955693","0.01","110","0.0001","58.27903829","2710.244862332","3319.066804546","3436.357939","2024-02-12 00:00:00.000","9.031351436","11304.826450646"
"2024-02-12 00:00:00.000","Wapal","3526","5041","353629","298176","2168","777","3930","1","2311.67282961","0.458574257","0.0189","114","0.001","34.67508256","2999.156841034","3295.293974649","3407.896346391","2024-02-12 00:00:00.000","9.031351436","20877.529730148"
"2024-02-12 00:00:00.000","BlueMove","2123","2422","353629","298176","758","530","2122","2","471.05852491","0.1944915462","0.056","80","0.00055","11.13361509","2855.488848344","3326.687209643","3399.355488565","2024-02-12 00:00:00.000","9.031351436","4254.295085567"
"2024-02-12 00:00:00.000","Topaz","2871","3525","353629","298176","857","1216","2805","1","11723.15288248","3.32571713","0.077","120.5","0.000001","536.21069749","4320.757958654","3940.928551442","3777.462033161","2024-02-12 00:00:00.000","9.031351436","105875.913624135"
"2024-02-19 00:00:00.000","BlueMove","1276","1417","365696","307733","697","403","1302","2","244.13381361","0.1722892121","0.0578","22","0.00055","5.73803366","2368.398272681","2711.661979381","3748.788903236","2024-02-19 00:00:00.000","9.914330517","2420.42331839"
"2024-02-19 00:00:00.000","Wapal","3500","4977","365696","307733","1752","661","3827","1","1348.91663405","0.2710300651","0.0164","105","0.001","20.23374679","2301.296631804","2911.748074889","3236.459151716","2024-02-19 00:00:00.000","9.914330517","13373.605349213"
"2024-02-19 00:00:00.000","Topaz","2786","3383","365696","307733","769","1343","2645","1","9814.85954528","2.901229543","0.0828","108.84999951","4.9E-07","466.29467338","3395.956232525","3244.385448761","3257.775232505","2024-02-19 00:00:00.000","9.914330517","97307.761505195"
"2024-02-19 00:00:00.000","Mercato","1986","2281","365696","307733","1205","1410","1784","1","1066.28760281","0.4674649727","0.015","68","0.0001","59.51750599","3528.976657876","2590.086612409","3292.158703564","2024-02-19 00:00:00.000","9.914330517","10571.527719934"
"2024-02-19 00:00:00.000","Seashrine","9","9","365696","307733","4","4","9","1","4.118","0.4575555556","0.29","0.99","0.29","0","3373.024979094","2706.283499381","3232.824135212","2024-02-19 00:00:00.000","9.914330517","40.827213067"
"2024-02-26 00:00:00.000","Seashrine","1","1","377387","317895","1","1","1","1","0.1","0.1","0.1","0.1","0.1","0","2142.893444274","3297.134370843","3169.770730095","2024-02-26 00:00:00.000","9.731284891","0.9731284891"
"2024-02-26 00:00:00.000","Souffl3","5","6","377387","317895","4","5","6","1","0.3048","0.0508","0.0449","0.15","0.01","0.08547","2112.414817572","2239.620604084","3147.455233007","2024-02-26 00:00:00.000","9.731284891","2.966095635"
"2024-02-26 00:00:00.000","Topaz","2565","3008","377387","317895","888","1351","2561","1","13535.03036656","4.499677648","0.09","149.9","4.9E-07","564.15348678","3635.679034136","3071.450445887","3092.878088663","2024-02-26 00:00:00.000","9.731284891","131713.236498859"
"2024-02-26 00:00:00.000","BlueMove","1131","1371","377387","317895","532","333","1259","2","302.73923647","0.220816365","0.053","30","0.0001","7.22483222","2446.663995535","3091.491448319","3016.570796998","2024-02-26 00:00:00.000","9.731284891","2946.041757629"
"2024-02-26 00:00:00.000","Mercato","1492","1750","377387","317895","822","780","1514","1","2252.19566077","1.286968949","0.1301","75","0.0001","155.8028719","3365.590332989","3115.922508299","2976.734686934","2024-02-26 00:00:00.000","9.731284891","21916.75760415"
"2024-02-26 00:00:00.000","Wapal","4968","5555","377387","317895","3735","588","4899","1","2412.53629767","0.4342999636","0.00988888","121","0.001","36.18804177","3608.275054584","3297.194370843","3053.862935246","2024-02-26 00:00:00.000","9.731284891","23477.078021351"
"2024-03-04 00:00:00.000","Wapal","8048","9060","397018","334774","6831","1201","8111","1","737.35775949","0.08138606617","0.00179","59","0.001","11.06036398","2405.54776512","3081.630930247","3077.19705652","2024-03-04 00:00:00.000","11.88276032","8761.845526119"
"2024-03-04 00:00:00.000","Topaz","5566","6626","397018","334774","1047","2354","5616","1","10673.71845757","1.610884162","0.08","127.9899995","4.9E-07","487.38499847","3739.247822316","2874.485872729","3355.355296819","2024-03-04 00:00:00.000","11.88276032","126833.238154569"
"2024-03-04 00:00:00.000","Mercato","1862","2252","397018","334774","822","1244","1786","1","2075.4899627","0.921620765","0.04","100","0.00001","101.84657516","3717.159610057","2179.180229799","3422.303521423","2024-03-04 00:00:00.000","11.88276032","24662.54977335"
"2024-03-04 00:00:00.000","Souffl3","7","12","397018","334774","6","7","12","1","1.9109","0.1592416667","0.14","0.4","0.0199","0.7057725","3415.831435349","2130.742007889","3422.360002068","2024-03-04 00:00:00.000","11.88276032","22.706766696"
"2024-03-04 00:00:00.000","BlueMove","1395","1679","397018","334774","652","636","1508","2","240.23950162","0.1430848729","0.05","16","0.0005","5.70464466","3445.848873051","2912.158140054","3427.374334378","2024-03-04 00:00:00.000","11.88276032","2854.708417149"
"2024-03-04 00:00:00.000","Okx","1","2","397018","334774","1","2","2","1","0.4","0.2","0.2","0.2","0.2","0","3445.860773051","2927.54607494","3346.434568072","2024-03-04 00:00:00.000","11.88276032","4.753104128"
"2024-03-11 00:00:00.000","Souffl3","2","2","464592","396768","2","1","2","1","0.002","0.001","0.001","0.001","0.001","0.00005","2938.08206393","2845.915249472","2804.930639609","2024-03-11 00:00:00.000","13.096398737","0.02619279747"
"2024-03-11 00:00:00.000","Wapal","47799","50333","464592","396768","44866","35880","17559","1","1635.91400678","0.03250181803","0.0044","75","0.001","24.53869486","1808.356507581","2300.652213572","2753.010922208","2024-03-11 00:00:00.000","13.096398737","21424.582132712"
"2024-03-11 00:00:00.000","Topaz","4576","5398","464592","396768","1363","2616","4563","1","19465.20455238","3.606003066","0.065","113.4899995","4.9E-07","1070.21169057","3982.070831291","3437.496763886","3290.300072046","2024-03-11 00:00:00.000","13.096398737","254924.080320921"
"2024-03-11 00:00:00.000","Mercato","4850","5950","464592","396768","2542","2332","4697","1","9871.0514356","1.659000241","0.06","109","0","700.69059927","2987.863406681","4095.560192926","3608.708924807","2024-03-11 00:00:00.000","13.096398737","129275.225556937"
"2024-03-11 00:00:00.000","BlueMove","4767","5891","464592","396768","1530","2326","5550","2","641.84425395","0.1089533617","0.0352","88","0.0001","15.17691855","3030.251533866","2917.000956326","3577.142530856","2024-03-11 00:00:00.000","13.096398737","8405.848276969"
"2024-03-18 00:00:00.000","Wapal","87083","90632","569821","496045","84495","72799","18013","1","2601.70573905","0.02870625981","0.0029","150","0.000999","39.02555077","6269.617473744","4907.890034795","3661.036264374","2024-03-18 00:00:00.000","14.23456891","37034.159626249"
"2024-03-18 00:00:00.000","Mercato","4050","4910","569821","496045","1706","2182","4081","1","6989.80359668","1.423585254","0.023","120","0","487.68341621","7178.285685812","4734.469652191","3374.80375777","2024-03-18 00:00:00.000","14.23456891","99496.840964843"
"2024-03-18 00:00:00.000","BlueMove","2920","3627","569821","496045","1731","1590","3354","2","482.75247448","0.1330996621","0.042","65.9","0","11.03620192","6249.73100131","3233.137880121","3390.307895657","2024-03-18 00:00:00.000","14.23456891","6871.773364496"
"2024-03-18 00:00:00.000","Souffl3","7","9","569821","496045","6","8","9","1","116.248","12.916444444","0.1","100","0.038","3.04045","6264.26175131","4103.289739593","3333.227838848","2024-03-18 00:00:00.000","14.23456891","1654.740166659"
"2024-03-18 00:00:00.000","Topaz","5216","6050","569821","496045","1285","2733","5283","1","18822.39064111","3.111138949","0.06889","137","4.9E-07","1124.38894255","6304.610236227","4467.781307097","3906.286158255","2024-03-18 00:00:00.000","14.23456891","267928.616633261"
"2024-03-18 00:00:00.000","Okx","1","1","569821","496045","1","1","1","1","0.075","0.075","0.075","0.075","0.075","0","3981.841343791","4317.639929712","3865.910144375","2024-03-18 00:00:00.000","14.23456891","1.067592668"
"2024-03-25 00:00:00.000","Mercato","3841","4800","598086","514243","1843","1742","4456","1","9477.98597407","1.974580411","0.23","106","0.0001","695.29076637","7244.520747221","6222.680702623","4097.081536132","2024-03-25 00:00:00.000","15.127911272","143382.130856163"
"2024-03-25 00:00:00.000","Topaz","5998","6702","598086","514243","2149","2654","5821","1","14314.53810491","2.135860654","0.08377","138.88","4.9E-07","748.29963693","5442.988237934","6313.828026195","4543.645393551","2024-03-25 00:00:00.000","15.127911272","216549.062355532"
"2024-03-25 00:00:00.000","BlueMove","2292","3351","598086","514243","1299","1205","3195","2","470.21088387","0.1403195714","0.076","55","0.001","11.00938331","4870.146538657","5633.594187948","4180.647264564","2024-03-25 00:00:00.000","15.127911272","7113.308530471"
"2024-03-25 00:00:00.000","Wapal","6054","13397","598086","514243","3388","5847","12267","1","9090.66113041","0.6785594633","0.119","130","0.000999","136.35990996","6006.469804959","5497.891483381","4466.019113493","2024-03-25 00:00:00.000","15.127911272","137522.714987704"
"2024-03-25 00:00:00.000","Okx","2","2","598086","514243","2","1","2","1","0.158","0.079","0.079","0.08","0.078","0","4569.282538349","5590.815104351","4422.510770459","2024-03-25 00:00:00.000","15.127911272","2.390209981"
"2024-03-25 00:00:00.000","Souffl3","11","13","598086","514243","8","7","13","1","1.511","0.1162307692","0.03","0.77","0.011","0.094775","4244.258195967","4891.974801353","4105.951139966","2024-03-25 00:00:00.000","15.127911272","22.858273932"
"2024-04-01 00:00:00.000","Souffl3","7","7","620315","530514","3","4","7","1","0.4619999","0.06599998571","0.043","0.12","0.043","0.01154999","4183.971886645","6113.650568831","4071.569668905","2024-04-01 00:00:00.000","16.673710508","7.703252587"
"2024-04-01 00:00:00.000","Wapal","5129","8298","620315","530514","2316","1200","6623","1","7134.8683897","0.8598298855","0.159","120","0.001","107.02301734","5061.299435357","5291.628157985","4301.593875024","2024-04-01 00:00:00.000","16.673710508","118964.730039426"
"2024-04-01 00:00:00.000","Topaz","6359","8032","620315","530514","2540","2465","6633","1","7601.16888217","0.9463606676","0.13","120","1E-08","424.50662744","4826.69729887","5140.302654423","4546.789645416","2024-04-01 00:00:00.000","16.673710508","126739.689460405"
"2024-04-01 00:00:00.000","Mercato","3396","4015","620315","530514","1445","1945","3325","1","5111.58477432","1.273121986","0.035","92","0","314.10774136","5406.869035176","5473.325106045","4711.669644588","2024-04-01 00:00:00.000","16.673710508","85229.084761883"
"2024-04-01 00:00:00.000","BlueMove","1380","1877","620315","530514","819","972","1724","2","195.35925586","0.1040805838","0.039","10","0.00009","4.62834044","4294.956300857","5454.165558137","4281.357673275","2024-04-01 00:00:00.000","16.673710508","3257.363677183"
"2024-04-08 00:00:00.000","Wapal","15161","18953","648354","552685","4173","1135","8598","1","11533.98444954","0.6085571914","0.55240236","141.8999995","0.001","173.0097087","3947.387093936","5122.931602482","4643.655905955","2024-04-08 00:00:00.000","13.865990736","159930.121526165"
"2024-04-08 00:00:00.000","Souffl3","1","1","648354","552685","1","1","1","1","0.0001","0.0001","0.0001","0.0001","0.0001","0.0000025","3947.367356436","4819.986212291","4571.004436253","2024-04-08 00:00:00.000","13.865990736","0.001386599074"
"2024-04-08 00:00:00.000","Topaz","3349","4367","648354","552685","1294","1798","3741","1","9309.77535343","2.131846887","0.0867","129.94999999","4.9E-07","508.25083713","5110.900400615","4819.991205625","4793.496018696","2024-04-08 00:00:00.000","13.865990736","129089.25880464"
"2024-04-08 00:00:00.000","Mercato","2515","3226","648354","552685","993","1534","3035","1","7176.99476905","2.224734894","0.183","99.5","0.0001","486.24710035","6007.966996759","5427.950871149","5001.226244811","2024-04-08 00:00:00.000","13.865990736","99516.142979766"
"2024-04-08 00:00:00.000","BlueMove","1145","1492","648354","552685","909","899","1382","2","307.46487454","0.2060756532","0.05","12","0.001","7.29915408","5154.541557364","5448.347796118","4666.830967939","2024-04-08 00:00:00.000","13.865990736","4263.305102008"
"2024-04-15 00:00:00.000","Souffl3","5","5","675716","577516","3","3","5","1","1.19","0.238","0.09","0.5","0.05","0.02975","4012.671932674","4102.283763567","4599.918065917","2024-04-15 00:00:00.000","9.474963434","11.275206486"
"2024-04-15 00:00:00.000","BlueMove","1007","1335","675716","577516","780","977","1240","2","106.65297195","0.07988986663","0.0538","8","0.001","2.5049952","4001.583647185","4849.413918887","4603.296842431","2024-04-15 00:00:00.000","9.474963434","1010.533009351"
"2024-04-15 00:00:00.000","Mercato","1188","1531","675716","577516","600","682","1472","1","3576.60665897","2.336124532","0.278","89","0.00001","244.7017503","4651.471279464","4133.551822491","4710.921589443","2024-04-15 00:00:00.000","9.474963434","33888.217311457"
"2024-04-15 00:00:00.000","Wapal","20172","21554","675716","577516","2933","1217","4669","1","12345.99122732","0.572793506","0.570321605","93","0.001","185.18978466","4103.084494407","4933.405797191","5109.166467743","2024-04-15 00:00:00.000","9.474963434","116977.815435051"
"2024-04-15 00:00:00.000","Topaz","2459","2937","675716","577516","984","1412","2614","1","9598.98325112","3.268295285","0.0635","140","4.9E-07","492.6258031","5302.957388298","4742.205446975","5418.811024231","2024-04-15 00:00:00.000","9.474963434","90950.015307714"
"2024-04-22 00:00:00.000","Topaz","2343","2795","697678","597304","999","1217","2450","1","4868.24323994","1.741768601","0.166","140","4E-07","285.13790678","4747.765874111","5257.924546527","5523.079709172","2024-04-22 00:00:00.000","10.151972415","49422.271080351"
"2024-04-22 00:00:00.000","Wapal","16144","17656","697678","597304","2861","1262","5213","1","10846.5974482","0.6143292619","0.57269223","99","0.001","162.69889138","4960.751979833","5116.158901133","5245.060125166","2024-04-22 00:00:00.000","10.151972415","110114.358088441"
"2024-04-22 00:00:00.000","BlueMove","691","812","697678","597304","514","475","738","2","155.40255737","0.1913824598","0.05875","54","0.001","3.46493676","3870.066847651","4785.746753337","4931.652096836","2024-04-22 00:00:00.000","10.151972415","1577.642475608"
"2024-04-22 00:00:00.000","Mercato","610","699","697678","597304","277","404","692","1","1762.95514276","2.522110362","0.17199","66","0.0001","100.97507722","4052.003131179","4899.796996731","4967.816964217","2024-04-22 00:00:00.000","10.151972415","17897.471977809"
"2024-04-29 00:00:00.000","BlueMove","564","759","717234","615103","387","319","677","2","79.36322844","0.1045628833","0.04","2.99","0.001","1.88730165","4970.523633388","4477.455578759","4886.451076778","2024-04-29 00:00:00.000","8.955340207","710.724710594"
"2024-04-29 00:00:00.000","Topaz","1929","2137","717234","615103","760","1027","1761","1","5117.16331371","2.394554662","0.079898","122","4E-07","278.64929516","5596.837426107","5241.096993499","4826.043325714","2024-04-29 00:00:00.000","8.955340207","45825.938368243"
"2024-04-29 00:00:00.000","Wapal","14799","16074","717234","615103","1390","799","3158","1","9577.68137975","0.5958492833","0.585298235","124.9999995","0.001","143.66515567","5250.798695161","4899.952779252","5119.42812911","2024-04-29 00:00:00.000","8.955340207","85771.395148395"
"2024-04-29 00:00:00.000","Mercato","507","586","717234","615103","281","289","571","1","1640.54361827","2.799562489","0.222","129","0.00011","96.80112834","4255.993741055","4882.092377497","5168.598955506","2024-04-29 00:00:00.000","8.955340207","14691.626225771"
"2024-05-06 00:00:00.000","Souffl3","1","1","741461","637047","1","1","1","1","0.008","0.008","0.008","0.008","0.008","0.0002","3647.464336062","4696.227999969","4561.425321922","2024-05-06 00:00:00.000","9.239482872","0.07391586298"
"2024-05-06 00:00:00.000","BlueMove","334","446","741461","637047","218","270","427","2","40.23968857","0.09022351697","0.03","5","0.001","0.98667883","3633.068977462","4696.306799969","4562.720957037","2024-05-06 00:00:00.000","9.239482872","371.793913325"
"2024-05-06 00:00:00.000","Wapal","13632","15401","741461","637047","1071","1180","3695","1","8910.70043853","0.5785793415","0.64070037","46.3","0.001","133.66045004","4526.537139434","4932.064597995","4544.421423632","2024-05-06 00:00:00.000","9.239482872","82330.264081163"
"2024-05-06 00:00:00.000","Topaz","1778","1833","741461","637047","644","1078","1581","1","3971.06523297","2.166429478","0.0513","114.9","0.0001","255.83746431","3667.09561253","4345.128100223","4210.761008408","2024-05-06 00:00:00.000","9.239482872","36690.589204442"
"2024-05-06 00:00:00.000","Mercato","6199","6546","741461","637047","330","3710","6535","1","1528.48223258","0.2334986606","0.002","90","0.0001","94.83971395","3848.235488047","4100.888076328","4244.898793851","2024-05-06 00:00:00.000","9.239482872","14122.385408395"
"2024-05-13 00:00:00.000","Seashrine","1","1","785373","657751","1","1","1","1","2","2","2","2","2","0","3208.840073834","3418.792445779","3951.716176741","2024-05-13 00:00:00.000","8.265088859","16.530177719"
"2024-05-13 00:00:00.000","Topaz","1027","1083","785373","657751","341","589","974","1","2028.12550393","1.872692063","0.0554","70.00000001","4.9E-07","125.97119071","3011.328226694","3436.470469857","4017.134483319","2024-05-13 00:00:00.000","8.265088859","16762.637508133"
"2024-05-13 00:00:00.000","Wapal","17193","39607","785373","657751","1443","1032","31196","1","5822.94105394","0.147017978","0.003","63","0.001","87.34406027","2534.500580824","4444.49185349","4204.922549575","2024-05-13 00:00:00.000","8.265088859","48127.125234254"
"2024-05-13 00:00:00.000","Souffl3","4","4","785373","657751","2","4","4","1","0.568","0.142","0.174","0.19","0.03","0.0142","2011.700901365","2713.401839977","4204.925968933","2024-05-13 00:00:00.000","8.265088859","4.694570472"
"2024-05-13 00:00:00.000","Mercato","1532","1871","785373","657751","358","1030","1846","1","1826.7433516","0.9763459923","0.003","92","0.00011","91.67211503","2762.842499774","3743.208661775","4033.696128995","2024-05-13 00:00:00.000","8.265088859","15098.196124415"
"2024-05-13 00:00:00.000","BlueMove","947","1346","785373","657751","232","259","1285","2","60.31594593","0.04481125255","0.0012","4","0.001","1.42206036","1905.030165119","2707.062732548","3790.442808471","2024-05-13 00:00:00.000","8.265088859","498.516652754"
"2024-05-20 00:00:00.000","Mercato","1218","1505","798938","668698","262","700","1307","1","3189.07390266","2.118985982","0.05","600","0.00001","141.6318983","1807.28124883","2427.033462379","3728.42632874","2024-05-20 00:00:00.000","8.385416667","26741.713454597"
"2024-05-20 00:00:00.000","Wapal","8046","10096","798938","668698","1121","1023","6232","1","3828.71204282","0.3792305906","0.06083","81","0.001","57.43063619","2094.80997511","2852.940627518","3845.631257351","2024-05-20 00:00:00.000","8.385416667","32105.34577573"
"2024-05-20 00:00:00.000","BlueMove","565","786","798938","668698","383","505","740","2","82.2706569","0.1046700469","0.0613","1.28","0.00001","1.97579188","2104.843807222","2091.373951925","3476.221135008","2024-05-20 00:00:00.000","8.385416667","689.873737547"
"2024-05-20 00:00:00.000","Topaz","1118","1178","798938","668698","393","763","1054","1","1813.9360848","1.539843875","0.07","90","0.0001","103.52569507","2331.514817822","2207.012142349","3534.735199034","2024-05-20 00:00:00.000","8.385416667","15210.60987775"
"2024-05-27 00:00:00.000","BlueMove","946","1308","810570","675330","501","781","1281","2","102.04294934","0.07801448726","0.00949","1","0.0005","2.47537369","1616.402554747","1454.872233285","3237.711573095","2024-05-27 00:00:00.000","9.346666667","953.761433165"
"2024-05-27 00:00:00.000","Wapal","4147","8614","810570","675330","1215","1111","8341","1","2020.4347365","0.2345524421","0.06","64","0.001","30.3065071","1640.61397786","2044.770711802","3071.370926884","2024-05-27 00:00:00.000","9.346666667","18884.33000382"
"2024-05-27 00:00:00.000","Mercato","1201","1358","810570","675330","215","610","971","1","1949.30648349","1.435424509","0.07","99","0.0011","91.35999718","1630.761600305","1584.825465517","3124.333559431","2024-05-27 00:00:00.000","9.346666667","18219.517932353"
"2024-05-27 00:00:00.000","Topaz","337","351","810570","675330","197","188","339","1","1045.49127085","2.978607609","0.069","60","9.4E-07","63.55015565","1753.90851592","2174.8127449","3158.0206972","2024-05-27 00:00:00.000","9.346666667","9771.858411545"
"2024-05-27 00:00:00.000","Souffl3","1","1","810570","675330","1","1","1","1","0.42","0.42","0.42","0.42","0.42","0.0105","1355.326778087","1450.7520159","3154.593827137","2024-05-27 00:00:00.000","9.346666667","3.9256"
"2024-06-03 00:00:00.000","Mercato","745","824","817646","680572","259","343","692","1","2074.31967782","2.51737825","0.2","99","0.00151781","131.02538825","1465.649401555","1213.137150336","3106.132956778","2024-06-03 00:00:00.000","9.01","18689.620297158"
"2024-06-03 00:00:00.000","BlueMove","353","369","817646","680572","290","235","353","2","60.26610286","0.163322772","0.063","1.5","0.001","1.42773541","884.271035592","1521.465435426","2709.819243085","2024-06-03 00:00:00.000","9.01","542.997586769"
"2024-06-03 00:00:00.000","Wapal","2940","4551","817646","680572","1101","843","4328","1","4867.39439577","1.06952195","0.021","65","0.001","73.01090964","1255.674492351","1517.485561902","2557.187344526","2024-06-03 00:00:00.000","9.01","43855.223505888"
"2024-06-03 00:00:00.000","Topaz","1203","1331","817646","680572","470","710","1171","1","1727.95728165","1.298239881","0.065","78","4.9E-07","118.54020543","1458.91378389","1328.200969113","2455.887797484","2024-06-03 00:00:00.000","9.01","15568.895107666"
"2024-06-03 00:00:00.000","Souffl3","1","1","817646","680572","1","1","1","1","0.04","0.04","0.04","0.04","0.04","0.001","873.99220348","1196.632061921","2105.998847542","2024-06-03 00:00:00.000","9.01","0.3604"
"2024-06-10 00:00:00.000","Wapal","2629","4239","824019","685152","1159","919","4035","1","4626.72381947","1.091465869","0.049","100","0.001","69.4008558","1800.326568552","1528.29515859","2250.235017287","2024-06-10 00:00:00.000","8.43375","39020.632012455"
"2024-06-10 00:00:00.000","Mercato","630","654","824019","685152","186","435","618","1","1617.3835378","2.473063513","0.0495","88","0.0005182","824.81006548","1871.813101921","1225.331614419","2245.539159063","2024-06-10 00:00:00.000","8.43375","13640.608411921"
"2024-06-10 00:00:00.000","Topaz","844","938","824019","685152","290","433","834","1","957.20412688","1.020473483","0.045","58","0.0001","66.13968367","1991.411117781","1330.110972076","2273.8566074","2024-06-10 00:00:00.000","8.43375","8072.820305074"
"2024-06-10 00:00:00.000","BlueMove","477","542","824019","685152","360","383","533","2","61.50691162","0.1134813868","0.02295","1.71","0.001","1.51080226","1991.566218876","1521.544833139","2110.77091701","2024-06-10 00:00:00.000","8.43375","518.733915875"
"2024-06-17 00:00:00.000","BlueMove","402","442","829943","688838","331","340","429","2","57.70328528","0.1305504192","0.0651","2.3","0.001","1.40999406","1998.774129536","1411.212971955","1803.674849446","2024-06-17 00:00:00.000","7.642083333","440.973314717"
"2024-06-17 00:00:00.000","Mercato","503","555","829943","688838","171","316","534","1","1447.10320804","2.607393168","0.11","59.9","0.0012345","96.71977122","1571.23773107","1703.826269473","1797.434836213","2024-06-17 00:00:00.000","7.642083333","11058.883307776"
"2024-06-17 00:00:00.000","Topaz","1090","2303","829943","688838","346","414","1957","1","2297.64437481","0.9976745006","0.048","120","0.000008","129.41600482","1642.448617715","1607.380722271","1871.552138626","2024-06-17 00:00:00.000","7.642083333","17558.789782663"
"2024-06-17 00:00:00.000","Wapal","1691","2624","829943","688838","687","618","2550","1","3710.79788727","1.414176024","0.06","101","0.001","55.66196704","1847.008393896","1588.900079717","1989.95724181","2024-06-17 00:00:00.000","7.642083333","28358.226687675"
"2024-06-24 00:00:00.000","Topaz","745","1019","836737","693217","334","404","944","1","1171.27358051","1.149434328","0.03","99","0.0011","72.12558796","1415.077114026","1765.446554459","1740.298310906","2024-06-24 00:00:00.000","6.720416667","7871.446491686"
"2024-06-24 00:00:00.000","Mercato","425","479","836737","693217","158","178","406","1","1804.38012711","3.766973125","0.39","95","0.0001","97.95667025","1438.45168769","1817.315414658","1670.405242975","2024-06-24 00:00:00.000","6.720416667","12126.186279232"
"2024-06-24 00:00:00.000","BlueMove","434","481","836737","693217","340","331","441","2","51.40121227","0.1068632272","0.0671","1","0.001","1.26601219","1325.226323364","1768.870635277","1622.757468126","2024-06-24 00:00:00.000","6.720416667","345.437563626"
"2024-06-24 00:00:00.000","Wapal","2775","4815","836737","693217","707","1257","4710","1","4273.33522641","0.8875047199","0.05","95.989999","0.001","64.10002628","1851.704862712","1915.47167185","1760.54247543","2024-06-24 00:00:00.000","6.720416667","28718.59327782"
"2024-07-01 00:00:00.000","Topaz","716","769","841066","696048","286","336","713","1","1266.50906001","1.646955865","0.05","120","0.00010049","64.74857782","2002.805584554","1947.896473585","1735.974203045","2024-07-01 00:00:00.000","7.1225","9020.710779921"
"2024-07-01 00:00:00.000","Souffl3","4","5","841066","696048","3","5","5","1","0.27","0.054","0.03","0.15","0.03","0.03375","1821.951433549","1971.288105438","1548.146104531","2024-07-01 00:00:00.000","7.1225","1.923075"
"2024-07-01 00:00:00.000","Wapal","1379","2733","841066","696048","780","553","2424","1","6531.02193382","2.389689694","0.043","112","0.001","97.96532805","2351.123628425","2035.083713897","1758.805908848","2024-07-01 00:00:00.000","7.1225","46517.203723633"
"2024-07-01 00:00:00.000","Mercato","353","434","841066","696048","166","180","403","1","1837.47105792","4.233804281","0.18105","90.5","0.0001","98.8369244","2116.957774756","1603.782712417","1759.151963891","2024-07-01 00:00:00.000","7.1225","13087.387610035"
"2024-07-01 00:00:00.000","BlueMove","378","386","841066","696048","227","207","347","2","138.01233086","0.3575448986","0.068649995","6.068","0.001","2.83202938","1987.80011855","1485.302382079","1761.658298888","2024-07-01 00:00:00.000","7.1225","982.99282655"
"2024-07-01 00:00:00.000","Seashrine","1","2","841066","696048","1","1","2","1","4.8","2.4","2.4","2.5","2.3","0","1762.852602661","1800.59451974","1658.939785899","2024-07-01 00:00:00.000","7.1225","34.188"
"2024-07-08 00:00:00.000","Souffl3","1","1","843993","698507","1","1","1","1","0.07","0.07","0.07","0.07","0.07","0.00175","1756.436201127","1531.072557235","1535.435203873","2024-07-08 00:00:00.000","5.71875","0.4003125"
"2024-07-08 00:00:00.000","Topaz","494","511","843993","698507","235","304","479","1","1332.03540345","2.606722903","0.055","95","4.9E-07","63.13675316","1388.773723257","1523.401370263","1575.750195697","2024-07-08 00:00:00.000","5.71875","7617.57746348"
"2024-07-08 00:00:00.000","BlueMove","373","381","843993","698507","238","204","341","2","27.38711518","0.07188219207","0.027","2","0.001","0.65858545","1233.883480154","1684.244182223","1518.119583774","2024-07-08 00:00:00.000","5.71875","156.620064936"
"2024-07-08 00:00:00.000","Wapal","1398","1807","843993","698507","652","413","1669","1","3101.51783234","1.71639061","0.0435","111.98","0.001","46.52276631","1621.539459196","1846.216074443","1614.876838064","2024-07-08 00:00:00.000","5.71875","17736.805103694"
"2024-07-08 00:00:00.000","Mercato","193","227","843993","698507","128","109","225","1","1311.53567406","5.777690194","0.315","99","0.0011","55.71820676","969.103676726","1929.804900362","1592.009126373","2024-07-08 00:00:00.000","5.71875","7500.344636031"
"2024-07-15 00:00:00.000","Wapal","1130","1797","847111","700839","474","629","1731","1","3094.50165064","1.722037646","0.16","150","0.001","46.41752265","1126.232500816","1609.409471831","1628.950905958","2024-07-15 00:00:00.000","6.7275","20818.259854681"
"2024-07-15 00:00:00.000","Mercato","329","374","847111","700839","144","217","355","1","2492.2327461","6.66372392","0.4985","130","0.0001","99.32200994","1420.510052721","1697.473416204","1675.619985805","2024-07-15 00:00:00.000","6.7275","16766.495799388"
"2024-07-15 00:00:00.000","BlueMove","450","503","847111","700839","359","354","489","2","42.40051221","0.0842952529","0.0712","3","0.0009","1.02523633","1425.210116747","1696.873369533","1676.974195876","2024-07-15 00:00:00.000","6.7275","285.249445893"
"2024-07-15 00:00:00.000","Topaz","423","444","847111","700839","174","292","413","1","1704.23650057","3.838370497","0.05","97","4.9E-07","59.7477171","1638.230929319","1525.600121144","1665.036028868","2024-07-15 00:00:00.000","6.7275","11465.251057585"
"2024-07-22 00:00:00.000","BlueMove","749","891","850132","703008","415","526","867","2","68.44898211","0.07682265108","0.0738","4","0.001","1.65251366","1474.016389445","1618.654159125","1665.299992715","2024-07-22 00:00:00.000","7.411666667","507.321039072"
"2024-07-22 00:00:00.000","Wapal","1051","1726","850132","703008","510","590","1661","1","2888.01967522","1.673244308","0.195","59","0.001","43.32029439","1629.402225939","1717.814766159","1601.449195278","2024-07-22 00:00:00.000","7.411666667","21405.039159506"
"2024-07-22 00:00:00.000","Mercato","231","264","850132","703008","112","154","247","1","1082.66574755","4.10100662","0.25699","56.8135","0.001","43.34669355","1656.089495579","1255.430413373","1580.633339339","2024-07-22 00:00:00.000","7.411666667","8024.357632258"
"2024-07-22 00:00:00.000","Topaz","138","140","850132","703008","92","79","140","1","419.62530116","2.99732358","0.033","59","0.0001","13.89811499","1524.179666532","1736.588964179","1594.168349054","2024-07-22 00:00:00.000","7.411666667","3110.122857098"
"2024-07-29 00:00:00.000","BlueMove","441","498","855242","705782","243","234","454","2","48.37163333","0.09713179384","0.062","3","0.001","1.18794976","1093.250137281","1037.704665459","1446.479568856","2024-07-29 00:00:00.000","6.92375","334.913096269"
"2024-07-29 00:00:00.000","Seashrine","3","12","855242","705782","1","1","12","1","24.1","2.008333333","2","2.1","2","0","784.733544019","1121.915601507","1395.083325701","2024-07-29 00:00:00.000","6.92375","166.862375"
"2024-07-29 00:00:00.000","Mercato","349","405","855242","705782","142","154","379","1","2131.73737701","5.263549079","0.43999","70","0.0001","119.04939431","1045.900652119","1327.07679033","1432.97149506","2024-07-29 00:00:00.000","6.92375","14759.616664073"
"2024-07-29 00:00:00.000","Topaz","112","118","855242","705782","77","62","118","1","209.73733735","1.777435062","0.111000245","31","4.9E-07","12.2553157","859.088256716","1269.39490253","1437.753121696","2024-07-29 00:00:00.000","6.92375","1452.168889477"
"2024-07-29 00:00:00.000","Wapal","1869","4077","855242","705782","560","489","3931","1","5393.27922953","1.322854851","0.18","70","0.001","80.8991871","1480.794997762","1395.430806415","1609.868474737","2024-07-29 00:00:00.000","6.92375","37341.717065458"
"2024-08-05 00:00:00.000","BlueMove","127","130","856806","706850","66","38","120","2","31.89994258","0.2453841737","0.0154","20.2","0.001","0.77371172","1117.978588901","1308.755775691","1564.216756496","2024-08-05 00:00:00.000","4.863333333","155.140054081"
"2024-08-05 00:00:00.000","Topaz","60","60","856806","706850","35","32","60","1","134.07791488","2.234631915","0.0985","35","4.9E-07","6.74043273","1117.003596079","1011.95310341","1494.424290047","2024-08-05 00:00:00.000","4.863333333","652.0655927"
"2024-08-05 00:00:00.000","Mercato","198","251","856806","706850","90","99","246","1","1038.11690986","4.135923944","0.502","58","0.001","47.31495506","1106.290310885","1171.663459639","1408.208774646","2024-08-05 00:00:00.000","4.863333333","5048.708571619"
"2024-08-05 00:00:00.000","Souffl3","2","2","856806","706850","2","2","2","1","0.08","0.04","0.04","0.05","0.03","0.002","985.081819916","1395.431473082","1370.428336565","2024-08-05 00:00:00.000","4.863333333","0.3890666667"
"2024-08-05 00:00:00.000","Seashrine","2","2","856806","706850","1","1","2","1","4.9","2.45","2.45","2.5","2.4","0","1346.074279319","1005.841276565","1312.38059053","2024-08-05 00:00:00.000","4.863333333","23.830333333"
"2024-08-05 00:00:00.000","Wapal","679","1119","856806","706850","337","258","1072","1","3460.19320909","3.092219132","0.201","64","0.001","51.90289759","1284.035567911","1129.016883978","1422.341622685","2024-08-05 00:00:00.000","4.863333333","16828.072973541"
"2024-08-12 00:00:00.000","Topaz","48","48","858351","707974","30","21","48","1","30.9981342","0.6457944625","0.0825","20","0.0001","2.25444086","588.77097203","1163.432550478","1285.492039065","2024-08-12 00:00:00.000","6.182916667","191.658880581"
"2024-08-12 00:00:00.000","BlueMove","144","152","858351","707974","99","63","134","2","9.90166563","0.06514253704","0.0205","1.11111","0.003","0.23376059","1259.056108946","1091.914945017","1244.956316666","2024-08-12 00:00:00.000","6.182916667","61.221173451"
"2024-08-12 00:00:00.000","Mercato","218","230","858351","707974","99","112","217","1","810.18575708","3.52254677","0.21505","49","0.0001","48.92767888","1070.814824754","1165.929273672","1271.082631411","2024-08-12 00:00:00.000","6.182916667","5009.311020546"
"2024-08-12 00:00:00.000","Wapal","714","1115","858351","707974","389","252","1092","1","3051.14506471","2.736452973","0.1572","150","0.001","45.7671757","969.551605119","1139.891909944","1158.828538859","2024-08-12 00:00:00.000","6.182916667","18864.975673013"
"2024-08-19 00:00:00.000","BlueMove","350","355","861270","710082","215","185","349","2","25.45836452","0.07171370287","0.078","3.9","0.00100049","0.59939769","944.232506586","1079.629680161","1100.376516491","2024-08-19 00:00:00.000","5.892916667","150.024020586"
"2024-08-19 00:00:00.000","Wapal","1381","2139","861270","710082","711","398","2017","1","8429.72979325","3.940967645","0.3601","70","0.001","126.44594602","1981.188991382","1499.495841244","1367.851273342","2024-08-19 00:00:00.000","5.892916667","49675.695194139"
"2024-08-19 00:00:00.000","Mercato","327","375","861270","710082","138","143","365","1","1336.67000196","3.564453339","0.18","180","0.000001","52.93803652","2144.285248805","1587.000508041","1410.814821793","2024-08-19 00:00:00.000","5.892916667","7876.884932383"
"2024-08-19 00:00:00.000","Topaz","50","50","861270","710082","35","29","50","1","60.81607249","1.21632145","0.068","13.5","0.00009804","1.96048734","1719.36310673","1587.830137319","1412.774372518","2024-08-19 00:00:00.000","5.892916667","358.384047178"
"2024-08-26 00:00:00.000","Souffl3","1","1","868258","715771","1","1","1","1","0.3","0.3","0.3","0.3","0.3","0.0075","1893.53903638","1230.016503893","1369.815165955","2024-08-26 00:00:00.000","7.170833333","2.15125"
"2024-08-26 00:00:00.000","Topaz","97","111","868258","715771","69","65","111","1","72.7520838","0.6554241784","0.077","38","4.9E-07","1.93091367","1727.219409001","1511.35149341","1371.27855204","2024-08-26 00:00:00.000","7.170833333","521.693067582"
"2024-08-26 00:00:00.000","Mercato","202","276","868258","715771","96","116","260","1","576.46729054","2.088649603","0.13265","23.4768","0.0001","33.70428457","1417.241761472","1506.828021157","1289.825308756","2024-08-26 00:00:00.000","7.170833333","4133.750862581"
"2024-08-26 00:00:00.000","Wapal","5193","6378","868258","715771","3318","3063","5425","1","4645.72232086","0.7283979807","0.3","80","0.001","69.68583165","1896.683831945","1537.604662445","1397.379716717","2024-08-26 00:00:00.000","7.170833333","33313.700475834"
"2024-08-26 00:00:00.000","BlueMove","196","222","868258","715771","148","112","220","2","25.85472814","0.1164627394","0.03925005","3","0.001","0.58127448","1726.576483244","1230.001837226","1298.391106314","2024-08-26 00:00:00.000","7.170833333","185.399946371"
"2024-09-02 00:00:00.000","Topaz","55","59","874195","720071","46","32","59","1","103.74180049","1.758335602","0.096","47","0.0005","6.35726311","852.790537285","1509.329085784","1221.343011294","2024-09-02 00:00:00.000","6.254166667","648.818510565"
"2024-09-02 00:00:00.000","Wapal","3851","5460","874195","720071","2196","1587","4355","1","3580.46455539","0.6557627391","0.22","50","0.001","53.7069655","1133.264856464","1517.347175537","1335.474109461","2024-09-02 00:00:00.000","6.254166667","22392.822073502"
"2024-09-02 00:00:00.000","BlueMove","142","158","874195","720071","118","118","155","2","17.06591043","0.1080120913","0.0808","1.95","0.001","0.39854868","1127.796086206","1315.075231919","1281.049251715","2024-09-02 00:00:00.000","6.254166667","106.733048148"
"2024-09-02 00:00:00.000","Mercato","252","260","874195","720071","98","96","255","1","516.49366254","1.986514087","0.09","29.95","0.0001","29.63610881","1183.263783549","1295.495758949","1295.502305922","2024-09-02 00:00:00.000","6.254166667","3230.237447802"
"2024-09-09 00:00:00.000","Mercato","180","193","876510","722039","61","59","140","1","1890.712667","9.796438689","3","44.44","0.0001","31.21535705","1416.371025906","1419.476727803","1263.331112109","2024-09-09 00:00:00.000","6.151666667","11631.034089828"
"2024-09-09 00:00:00.000","BlueMove","62","103","876510","722039","53","68","103","2","6.79616884","0.06598222175","0.0498","0.45","0.00099","0.16258692","1345.162135694","1419.269694683","1228.625641828","2024-09-09 00:00:00.000","6.151666667","41.807765314"
"2024-09-09 00:00:00.000","Topaz","43","47","876510","722039","35","28","47","1","47.30080048","1.00640001","0.049","32","0.00009","2.5658135","770.359445646","1420.725857081","1216.615174064","2024-09-09 00:00:00.000","6.151666667","290.978757619"
"2024-09-09 00:00:00.000","Wapal","1683","1972","876510","722039","1014","689","1827","1","1834.58750578","0.9303182078","0.16","200","0.001","27.51881027","999.645383869","981.049704583","1274.235040917","2024-09-09 00:00:00.000","6.151666667","11285.77080639"
